Date,OPEN_PRC,TRDPRC_1,HIGH_1,LOW_1,ACVOL_UNS,daily_sentiment_score,positive_sentiment_fingpt,neutral_sentiment_fingpt,negative_sentiment_fingpt
2020-05-25,0.4296,0.427,0.442,0.4208,1217740,0.9352060854434968,0.2820305186666667,0.6443957808333334,0.07357371816666666
2020-05-26,0.4418,0.465,0.4672,0.4318,3432892,0.9105244278907776,0.5868583176666666,0.38993473333333334,0.023206904166666667
2020-05-27,0.47,0.4964,0.4994,0.459,4759765,0.8764199316501617,0.19735602975000002,0.49612229375,0.3065217075
2020-05-28,0.505,0.498,0.51,0.495,2418988,0.0,0.042650137,0.01277231,0.9445775
2020-05-29,0.4986,0.4902,0.4986,0.481,1835904,-0.4724820454915364,0.082564355,0.431795763,0.48563989199999996
2020-06-01,0.498,0.5185,0.524,0.4938,1977767,0.7794504761695862,0.10070305490909091,0.3468131468181818,0.5524837883636363
2020-06-02,0.523,0.531,0.542,0.52,1449983,0.9159401059150696,0.47738623420000004,0.508192548,0.0144211793
2020-06-03,0.54,0.543,0.5555,0.5295,2562630,0.9388763904571532,0.28933864475,0.68265781925,0.028003559999999997
2020-06-04,0.55,0.5445,0.5595,0.525,2218045,0.7872399389743805,0.47124099550000004,0.0203000215,0.50845899
2020-06-05,0.5795,0.571,0.589,0.559,3320293,0.9210811456044516,,,
2020-06-08,0.598,0.5785,0.6085,0.568,6769651,0.9112901985645294,0.16067043,0.7561685,0.08316109
2020-06-09,0.565,0.5695,0.584,0.5475,3730074,-0.8902816772460938,0.7733945,0.21802156,0.008583909
2020-06-10,0.584,0.565,0.592,0.565,4359397,-0.971103936433792,0.042480435,0.013007615,0.9445119
2020-06-11,0.565,0.5285,0.571,0.514,10259842,-0.9726569950580598,0.019734016,0.4818183285,0.49844765750000003
2020-06-12,0.53,0.508,0.5335,0.5065,4071886,-0.1948394179344177,0.91013072,0.050862188,0.0390070795
2020-06-15,0.5,0.5045,0.519,0.48,3537747,-0.9737734198570251,0.009544663,0.01562183,0.9748335
2020-06-16,0.528,0.51,0.529,0.5025,4492597,0.9147806167602538,,,
2020-06-17,0.519,0.511,0.524,0.5015,2260277,0.8834698796272278,0.89934015,0.08741142,0.013248396
2020-06-18,0.5,0.516,0.5185,0.5,1702934,0.5196645174707685,0.49159876999999996,0.025213851500000002,0.48318739099999997
2020-06-19,0.53,0.501,0.5315,0.501,2507898,-0.5436414033174515,0.06626764,0.91716135,0.016571006
2020-06-22,0.5045,0.494,0.507,0.4912,1969355,-0.2611958235502243,0.184135,0.014965624,0.8008994
2020-06-23,0.504,0.496,0.509,0.495,2376677,0.6087786753972372,,,
2020-06-24,0.494,0.4794,0.5015,0.476,3216745,-0.9164278904596964,0.48947475,0.47392672150000004,0.03659858
2020-06-25,0.475,0.466,0.475,0.4572,3765391,-0.9709237217903136,0.072920114,0.9067758,0.020304091
2020-06-26,0.466,0.4554,0.466,0.45,2331091,-0.970407485961914,0.7489022,0.24417384,0.00692402
2020-06-29,0.455,0.4628,0.4666,0.4432,3068663,0.8909399509429932,0.3748100345,0.594271905,0.030918099749999997
2020-06-30,0.468,0.455,0.468,0.4458,3876496,-0.9699140787124636,0.2928281735,0.4717365,0.2354353475
2020-07-01,0.459,0.454,0.4604,0.454,2455853,-0.9717046618461608,0.2533306216666667,0.7046118933333334,0.042057506
2020-07-02,0.46,0.468,0.479,0.455,4347542,0.9367408454418182,0.47243616466666666,0.5047895833333332,0.02277425766666667
2020-07-03,0.465,0.474,0.4768,0.4578,2211846,0.7044020444154739,0.165188705,0.313890765,0.52092056
2020-07-06,0.4908,0.4978,0.508,0.486,2336741,0.9296257694562275,0.4850586525,0.476047824,0.038893548
2020-07-07,0.504,0.4936,0.5085,0.492,1754781,0.0,0.087500356,0.852968,0.0595317
2020-07-08,0.488,0.486,0.4934,0.4828,1240626,-0.9157430827617644,0.893884,0.027100323,0.07901566
2020-07-09,0.4994,0.4758,0.4994,0.4746,1180922,-0.9156419336795806,0.07374478,0.90633076,0.01992447
2020-07-10,0.4846,0.4868,0.4924,0.4712,1742865,0.4103975693384806,0.2158036708,0.746739561,0.0374567654
2020-07-13,0.49,0.4946,0.501,0.488,1479331,0.6187776724497477,0.476824532,0.218331305,0.3048441375
2020-07-14,0.48,0.485,0.4988,0.4796,1493107,0.2109769940376281,0.93193623,0.042754705999999996,0.025309069
2020-07-15,0.5,0.4966,0.5,0.4784,1854476,0.943226546049118,0.34181336799999995,0.6333505233333333,0.024836082666666665
2020-07-16,0.499,0.5005,0.5045,0.4908,1703689,0.9391475021839142,0.9445208,0.02646874,0.029010473
2020-07-17,0.5,0.4986,0.5005,0.49,1004163,0.3160167733828227,0.9186431150000001,0.0429133465,0.03844354
2020-07-20,0.5035,0.4962,0.5035,0.492,694061,0.0,0.1972585426,0.77324346,0.0294979912
2020-07-21,0.51,0.5075,0.521,0.5,1830965,0.871928483247757,0.040679105,0.91460937,0.044711535999999996
2020-07-22,0.5075,0.5085,0.51,0.4972,882298,0.901265025138855,0.91516656,0.033871878,0.050961494
2020-07-23,0.5085,0.504,0.511,0.5005,629213,0.0,,,
2020-07-24,0.498,0.504,0.5095,0.4908,1279451,0.3122921784718831,0.028113882,0.46628512800000005,0.50560101
2020-07-27,0.519,0.48,0.519,0.477,1895571,-0.9711289405822754,0.3665974259809524,0.37178084495238095,0.2616217366904762
2020-07-28,0.48,0.4924,0.4938,0.48,835756,0.2849486867586772,0.518377294,0.25434758575,0.22727510975
2020-07-29,0.5,0.4878,0.5,0.4784,958193,0.0,0.06538362,0.9139108,0.020705601
2020-07-30,0.499,0.474,0.499,0.4708,2831918,-0.970738559961319,0.4288701155,0.4689615100909091,0.10216838149999999
2020-07-31,0.48,0.4704,0.48,0.468,4319671,-0.9657094279925028,0.14577492433333333,0.8145724077777777,0.039652690444444444
2020-08-03,0.485,0.484,0.492,0.4668,1750457,0.1273280041558402,0.170769385,0.7178943799999999,0.11133617250000001
2020-08-04,0.4996,0.5295,0.5315,0.494,2686712,0.9022040963172911,,,
2020-08-05,0.5295,0.5435,0.5475,0.5285,2496595,0.8115414977073669,0.0134557635,0.01385802925,0.9726862599999999
2020-08-06,0.541,0.5425,0.547,0.527,1458604,-0.6281533439954122,0.045911905,0.933820545,0.020267495
2020-08-07,0.524,0.544,0.544,0.524,1071755,0.8151746392250061,0.182696527,0.7786371999999999,0.0386663
2020-08-10,0.563,0.5965,0.5965,0.552,3086875,0.7577510178089142,0.18155907,0.06620863,0.7522324
2020-08-11,0.614,0.618,0.629,0.605,5146647,0.8482785224914551,0.945131635,0.030483618999999997,0.0243847845
2020-08-12,0.618,0.655,0.663,0.6155,4283213,0.8827943801879883,0.06931614,0.9097469,0.02093698
2020-08-13,0.659,0.6455,0.659,0.645,2629458,0.4016150385141372,0.06730501,0.91164094,0.021054076
2020-08-14,0.64,0.629,0.64,0.599,2635429,0.1249793916940689,0.048840521000000005,0.9246102500000001,0.026549225
2020-08-17,0.62,0.6005,0.6295,0.6005,2120394,0.1249793916940689,0.93913656,0.022228235,0.038635246
2020-08-18,0.6255,0.5955,0.626,0.593,2920375,0.1249793916940689,,,
2020-08-19,0.595,0.612,0.612,0.587,1725538,0.1249793916940689,,,
2020-08-20,0.6095,0.5875,0.6095,0.5795,2271088,0.9441633224487304,0.06851074,0.9105468,0.020942474
2020-08-21,0.577,0.59,0.596,0.577,1452698,0.9441633224487304,0.9456461,0.025985293,0.028368516
2020-08-24,0.585,0.604,0.604,0.585,1354552,0.9441633224487304,0.9447102,0.028260136,0.027029783
2020-08-25,0.605,0.6055,0.6185,0.6005,3219385,0.2436910420656204,,,
2020-08-26,0.6015,0.6035,0.615,0.6,1923469,0.0,0.017653255,0.01325066,0.96909606
2020-08-27,0.62,0.608,0.62,0.57,2447843,0.9377402663230896,0.9051879,0.049626853,0.045185223
2020-08-28,0.6005,0.623,0.65,0.6,2960030,-0.1471868157386779,,,
2020-08-31,0.6345,0.603,0.6345,0.603,1401384,-0.9709171056747437,0.4793316685,0.020984945499999998,0.499683424
2020-09-01,0.602,0.609,0.6195,0.5915,2928687,0.5970937212308248,0.050330985,0.62372625,0.32594272
2020-09-02,0.609,0.5955,0.62,0.5925,2956533,-0.9731991589069366,0.0445041258,0.45209742399999997,0.5033984565
2020-09-03,0.59,0.5965,0.6205,0.59,2150303,0.3136423627535502,0.08644398520999999,0.6911012028,0.22245482779999998
2020-09-04,0.6245,0.6755,0.69,0.6155,7389689,0.8869406133890152,0.2394447395,0.2698326665,0.49072261300000003
2020-09-07,0.6965,0.665,0.7085,0.6635,3476039,-0.095013399918874,0.2619789046666667,0.325311062,0.4127100383333333
2020-09-08,0.67,0.6535,0.6765,0.651,1294978,-0.9673140645027162,0.58795196,0.35521516,0.05683288
2020-09-09,0.6675,0.6595,0.6725,0.648,2106555,-0.0913900732994079,0.04651055,0.91782886,0.035660554
2020-09-10,0.6625,0.662,0.675,0.6535,2044891,0.3346192240715027,0.15741551075,0.5800482124999999,0.2625363095
2020-09-11,0.675,0.654,0.675,0.6535,1552930,-0.96834264198939,0.009587221,0.043997083,0.94641566
2020-09-14,0.6645,0.6635,0.671,0.6545,1923118,0.9420024156570436,0.16932686,0.014544861,0.81612825
2020-09-15,0.677,0.652,0.677,0.652,2080348,-0.9732960760593414,,,
2020-09-16,0.655,0.659,0.664,0.647,1164922,-0.9732960760593414,0.08343768,0.89640296,0.020159345
2020-09-17,0.6645,0.7065,0.7075,0.654,4498918,0.6212899883588155,0.07433788999999999,0.87874427,0.046917860500000005
2020-09-18,0.71,0.709,0.7145,0.691,5218802,0.4700599759817123,0.028777175,0.8887806,0.082442254
2020-09-21,0.682,0.665,0.69,0.6635,2763736,-0.9722475409507751,0.0728240725,0.4909462085,0.4362297285
2020-09-22,0.6785,0.6545,0.6795,0.6545,2027725,-0.6425785223642985,,,
2020-09-23,0.65,0.622,0.6665,0.622,1566980,-0.5311888058980306,0.8906329,0.027321363,0.082045704
2020-09-24,0.6,0.627,0.6435,0.5895,2386372,0.5248321294784546,0.017665999,0.013086673,0.96924734
2020-09-25,0.709,0.6405,0.709,0.6365,2423668,0.3022660017013549,0.08137077,0.8458476,0.072781645
2020-09-28,0.667,0.6435,0.667,0.6275,1494175,0.0,0.174451349,0.6804972,0.14505145
2020-09-29,0.64,0.6255,0.64,0.625,737648,-0.9653413891792296,0.3456156381666666,0.49323691999999997,0.16114744133333334
2020-09-30,0.648,0.6405,0.6535,0.615,2220045,0.935630202293396,0.04550858,0.9132698,0.041221548
2020-10-01,0.6575,0.6265,0.6575,0.6265,1503935,-0.0196779668331146,0.021714484666666662,0.31995282733333336,0.6583326626666667
2020-10-02,0.624,0.6405,0.642,0.621,2017715,-0.0003311038017274,0.49131295,0.4621485325,0.046538498500000004
2020-10-05,0.677,0.7375,0.7395,0.67,10394728,0.1660686790943145,0.1534919429,0.3055620165,0.54094607575
2020-10-06,0.74,0.6955,0.74,0.676,4727020,0.4058299660682678,0.031302613666666666,0.6350104016666667,0.33368695666666665
2020-10-07,0.6955,0.679,0.702,0.679,2201243,0.149804949760437,0.2974905216666666,0.6629410375,0.0395684515
2020-10-08,0.7125,0.705,0.7125,0.6945,3377352,0.3124145269393921,,,
2020-10-09,0.7,0.6855,0.712,0.6705,4513145,-0.0149226039648055,0.12287887333333332,0.8358361666666667,0.041284941
2020-10-12,0.7095,0.6555,0.7095,0.6555,2047896,-0.4211395978927612,0.09587090599999999,0.3007918263333333,0.6033372533333333
2020-10-13,0.6595,0.635,0.6595,0.628,2295000,-0.3243299921353658,,,
2020-10-14,0.64,0.635,0.646,0.618,2463854,-0.9511539340019226,0.9418956,0.027644718,0.030459723
2020-10-15,0.621,0.6165,0.6275,0.6075,1394849,-0.4877268373966217,0.066256754,0.8673927,0.066350505
2020-10-16,0.615,0.622,0.628,0.608,1401187,-0.485776036977768,0.06761742500000001,0.8925420000000001,0.039840549200000006
2020-10-19,0.644,0.61,0.644,0.61,1432264,-0.9715617299079896,0.5500612354000001,0.40277564239999997,0.047163107999999995
2020-10-20,0.622,0.617,0.622,0.6055,1724851,0.4727984070777893,0.5468048266666666,0.18551998333333333,0.26767514033333334
2020-10-21,0.6185,0.5935,0.6185,0.591,1953716,-0.5753413041432699,0.038937587,0.22903785,0.7320246
2020-10-22,0.591,0.593,0.594,0.576,1290424,-0.9733278751373292,,,
2020-10-23,0.612,0.6025,0.6135,0.59,1279336,-0.0136430859565734,0.3457983333333334,0.60536472,0.04883691266666667
2020-10-26,0.613,0.5945,0.613,0.5875,1209060,-0.38048255443573,0.1589390609,0.301154676,0.5399062498
2020-10-27,0.6095,0.5645,0.6105,0.5645,1669538,-0.9652788043022156,0.7409318774,0.2119105148,0.0471576028
2020-10-28,0.556,0.547,0.56,0.539,1802050,-0.0823395053545634,0.41350908533333336,0.5514524909999999,0.03503842
2020-10-29,0.5385,0.544,0.5535,0.53,1445296,-0.9758263230323792,0.931219875,0.020459314,0.048320743
2020-10-30,0.536,0.5465,0.5505,0.5345,1624716,-0.4849725365638733,0.43948707503030304,0.44501026224242424,0.11550265446969697
2020-11-02,0.559,0.555,0.5605,0.5465,1466206,0.1344054991548711,0.7932994,0.18896739,0.0177331955
2020-11-03,0.5605,0.5675,0.5745,0.547,2294160,0.1344054991548711,0.2602095245833333,0.35290797566666665,0.3868824878333334
2020-11-04,0.539,0.55,0.5615,0.539,1186457,0.9244195222854614,0.5310662165,0.315229225,0.15370455425000001
2020-11-05,0.5545,0.556,0.5675,0.539,5704096,0.9244195222854614,0.6781113233333333,0.11266044866666668,0.20922822233333335
2020-11-06,0.565,0.542,0.5665,0.542,1679055,-0.6473436156908671,0.08039908659999999,0.8692212039999999,0.050379698800000004
2020-11-09,0.55,0.596,0.5975,0.544,2641878,0.9124954342842102,0.008621531,0.016553992,0.97482455
2020-11-10,0.5975,0.63,0.632,0.588,4147970,0.9427931904792786,,,
2020-11-11,0.6295,0.6285,0.6415,0.62,2755625,-0.9656309485435486,0.221039466,0.684705112,0.0942554368
2020-11-12,0.64,0.6635,0.6635,0.625,3186734,0.4499481916427612,0.071790464,0.9116347,0.01657486
2020-11-13,0.6645,0.6725,0.682,0.656,1988884,0.934174120426178,0.111760675,0.83117245,0.057066842500000006
2020-11-16,0.69,0.7065,0.72,0.6895,4389681,0.943418562412262,0.13711524,0.013425819,0.84945893
2020-11-17,0.72,0.717,0.7205,0.7,3734642,0.456136167049408,,,
2020-11-18,0.719,0.687,0.721,0.687,3421558,-0.9196682572364808,0.34408504199999995,0.35852611333333334,0.29738886733333336
2020-11-19,0.6985,0.6745,0.6985,0.6645,2914483,-0.972823441028595,0.07187883,0.91171455,0.016406605
2020-11-20,0.693,0.682,0.696,0.6755,2285384,0.4740123450756073,0.111760675,0.83117245,0.057066842500000006
2020-11-23,0.707,0.693,0.709,0.691,3739892,0.4651024341583252,0.14614928,0.5941074,0.2597433
2020-11-24,0.7045,0.704,0.709,0.6915,3399150,0.3087616165479024,0.0268931078,0.543497672,0.4296092292
2020-11-25,0.71,0.7365,0.7375,0.6995,4688107,0.3042232990264892,0.14968968125,0.0789189125,0.771391425
2020-11-26,0.734,0.7065,0.734,0.706,2015648,-0.4534225463867188,0.04042600425,0.47329272099999997,0.486281217
2020-11-27,0.7,0.694,0.71,0.691,1972453,-0.0071178078651428,0.07989770774999999,0.6482773067500001,0.271824964
2020-11-30,0.7035,0.6625,0.7035,0.662,3196449,-0.9742326736450196,0.062096454,0.3042519485,0.63365165
2020-12-01,0.665,0.67,0.696,0.662,2547917,0.2961461742719014,0.1556927405,0.7090547175,0.13525251024999999
2020-12-02,0.663,0.67,0.676,0.662,2531596,0.0,0.389449162,0.587971846,0.022578976666666667
2020-12-03,0.665,0.6805,0.6805,0.665,1711149,0.7486315965652466,0.6351123703333333,0.023338629666666666,0.3415490423333334
2020-12-04,0.6845,0.709,0.7225,0.6835,2950305,0.9491981267929078,0.14215058,0.8164973,0.04135204
2020-12-07,0.712,0.681,0.712,0.681,2006960,-0.9668203592300416,0.7526561,0.22307797,0.024265887
2020-12-08,0.69,0.693,0.705,0.6855,1861462,0.9275648593902588,0.152806245,0.565361335,0.281832415
2020-12-09,0.694,0.681,0.6995,0.681,1524119,-0.9756598472595216,0.488237702,0.372785595,0.13897667
2020-12-10,0.6965,0.6845,0.6965,0.675,3019282,0.6017401218414307,0.633068857857143,0.20575110342857142,0.1611800310714286
2020-12-11,0.676,0.6695,0.685,0.663,2687603,-0.9683254361152648,0.1615763545,0.29653496,0.5418886885
2020-12-14,0.6805,0.665,0.686,0.664,2055960,0.134020972251892,0.018787273,0.483090855,0.49812183299999996
2020-12-15,0.676,0.7095,0.71,0.6665,3561939,0.9132095575332642,,,
2020-12-16,0.707,0.709,0.71,0.6935,2279342,-0.4613338708877564,0.0914806915,0.5722149,0.336304403
2020-12-17,0.71,0.7195,0.72,0.6985,2111943,0.945934236049652,0.3032288225,0.46064988599999995,0.236121337
2020-12-18,0.71,0.71,0.718,0.695,2128659,-0.0306891798973083,0.10190244825,0.8705737775,0.027523735875
2020-12-21,0.6875,0.6785,0.6925,0.666,2797289,0.2830301821231842,0.0076384526,0.016788416,0.9755731
2020-12-22,0.6925,0.6725,0.696,0.6685,1900021,-0.0978858470916748,0.03640718,0.9374153,0.02617755
2020-12-23,0.68,0.682,0.685,0.6565,2359774,0.9222262501716614,0.19766232,0.7876602,0.014677418
2020-12-24,0.69,0.6875,0.69,0.681,544877,-0.4781306982040405,0.483765675,0.0305900245,0.48564428
2020-12-28,0.712,0.705,0.72,0.6945,1896778,-0.4781306982040405,0.049897187200000005,0.918289366,0.0318134708
2020-12-29,0.7195,0.709,0.72,0.705,1143437,0.2068346088582819,0.06495537766666666,0.9087379333333333,0.026306731666666666
2020-12-30,0.72,0.723,0.75,0.684,7531042,0.3188298855509077,0.39138349772727277,0.5826084233636364,0.02600810754545455
2020-12-31,0.7075,0.715,0.726,0.703,1662544,-0.5870454788208008,0.2769703135,0.0265042105,0.696525455
2021-01-04,0.729,0.716,0.729,0.694,4865768,0.9321812987327576,,,
2021-01-05,0.705,0.687,0.7145,0.683,3509214,0.7409918308258057,,,
2021-01-06,0.69,0.695,0.706,0.68,2495990,0.9448455572128296,,,
2021-01-07,0.706,0.705,0.706,0.688,3523667,0.92853045463562,,,
2021-01-08,0.706,0.7045,0.7095,0.6975,2938847,-0.9677147567272186,,,
2021-01-11,0.707,0.7025,0.7145,0.696,2719068,0.0,,,
2021-01-12,0.703,0.706,0.716,0.7015,3399273,0.6234886944293976,,,
2021-01-13,0.7035,0.6955,0.708,0.695,1955386,-0.4842919707298279,,,
2021-01-14,0.696,0.686,0.697,0.6765,2336600,0.0,,,
2021-01-15,0.6625,0.657,0.6825,0.657,3627997,-0.5591080069541932,,,
2021-01-18,0.6735,0.6645,0.6735,0.659,1177203,0.2918790131807327,,,
2021-01-19,0.6735,0.641,0.6735,0.631,2459204,-0.9754183888435364,,,
2021-01-20,0.6345,0.635,0.647,0.6275,2045359,-0.3816073834896087,,,
2021-01-21,0.633,0.621,0.638,0.6165,2130240,-0.3816073834896087,,,
2021-01-22,0.615,0.6065,0.618,0.5965,2502354,-0.3816073834896087,,,
2021-01-25,0.604,0.5675,0.604,0.563,3107142,-0.1590112722837008,,,
2021-01-26,0.576,0.575,0.5765,0.565,1704582,-0.1590112722837008,,,
2021-01-27,0.592,0.57,0.592,0.5595,4567041,-0.1590112722837008,,,
2021-01-28,0.5695,0.58,0.587,0.5695,3067765,-0.1590112722837008,,,
2021-01-29,0.584,0.571,0.5945,0.57,3772622,-0.1590112722837008,,,
2021-02-01,0.5845,0.57,0.5855,0.57,2408884,0.0758498575952317,,,
2021-02-02,0.579,0.5905,0.593,0.57,2404901,0.0758498575952317,,,
2021-02-03,0.599,0.5875,0.6095,0.576,3536703,-0.484119176864624,,,
2021-02-04,0.5915,0.606,0.6085,0.5815,3163269,0.9363011717796326,,,
2021-02-05,0.609,0.6345,0.646,0.603,5104793,0.9381202161312104,,,
2021-02-08,0.6435,0.6435,0.65,0.6385,2050746,0.9381202161312104,,,
2021-02-09,0.65,0.635,0.65,0.629,1416297,0.9381202161312104,,,
2021-02-10,0.6355,0.6575,0.6575,0.6335,2098114,-0.9767497181892396,,,
2021-02-11,0.663,0.6495,0.663,0.639,1979677,-0.9767497181892396,,,
2021-02-12,0.6495,0.652,0.655,0.638,1731839,0.187582900126775,,,
2021-02-15,0.665,0.67,0.675,0.655,1934944,0.624923547108968,,,
2021-02-16,0.6795,0.677,0.6845,0.669,2198417,0.946665346622467,,,
2021-02-17,0.6825,0.685,0.6935,0.675,3153887,0.9107126593589784,,,
2021-02-18,0.6835,0.67,0.689,0.665,2072103,-0.4873548448085785,,,
2021-02-19,0.677,0.6805,0.6865,0.671,2072066,0.6182774504025778,,,
2021-02-22,0.681,0.691,0.692,0.6695,2335213,0.9451587200164796,,,
2021-02-23,0.69,0.6865,0.6975,0.682,2871529,-0.9740189909934998,,,
2021-02-24,0.684,0.705,0.708,0.684,3480864,0.9314826130867004,,,
2021-02-25,0.71,0.721,0.7255,0.7045,3173868,0.4525385200977326,,,
2021-02-26,0.71,0.726,0.73,0.7015,3937773,0.903379460175832,,,
2021-03-01,0.73,0.75,0.75,0.7295,5073215,0.9497320652008056,,,
2021-03-02,0.742,0.765,0.7655,0.742,3334567,0.8527504801750183,,,
2021-03-03,0.77,0.784,0.784,0.759,2166993,0.9490156173706056,,,
2021-03-04,0.784,0.7865,0.799,0.778,2571357,0.83274245262146,,,
2021-03-05,0.7815,0.792,0.8015,0.773,2647740,0.9437981247901917,,,
2021-03-08,0.81,0.8095,0.82,0.7975,2472597,0.9065647721290588,,,
2021-03-09,0.81,0.786,0.81,0.7775,1474423,-0.8374308347702026,,,
2021-03-10,0.784,0.785,0.8,0.7775,1206153,0.0,,,
2021-03-11,0.8,0.7705,0.8,0.758,2563085,-0.9765922427177428,,,
2021-03-12,0.774,0.7725,0.786,0.7645,1367633,-0.3246061603228251,,,
2021-03-15,0.7825,0.7675,0.7875,0.764,1340852,-0.9720377326011658,,,
2021-03-16,0.778,0.7775,0.79,0.771,1367331,0.9380979537963868,,,
2021-03-17,0.7835,0.7765,0.7835,0.764,1057919,0.0,,,
2021-03-18,0.78,0.787,0.793,0.78,1664184,0.9452541470527648,,,
2021-03-19,0.789,0.779,0.7895,0.767,1755149,-0.5092651844024658,,,
2021-03-22,0.78,0.764,0.7805,0.76,1420069,-0.9686873555183412,,,
2021-03-23,0.77,0.8025,0.8075,0.7625,2391423,0.2339116781949997,,,
2021-03-24,0.802,0.8195,0.822,0.7865,2616012,0.926505963007609,,,
2021-03-25,0.8175,0.822,0.8265,0.806,2283050,0.9280249277750652,,,
2021-03-26,0.8295,0.8435,0.848,0.829,1743792,0.7695038715998331,,,
2021-03-29,0.835,0.855,0.8665,0.8285,1824227,0.7567416727542877,,,
2021-03-30,0.867,0.8775,0.8785,0.8555,3028721,0.7567416727542877,,,
2021-03-31,0.88,0.8575,0.8805,0.8515,2901987,0.3499564409255981,,,
2021-04-01,0.8625,0.838,0.8625,0.8305,1831345,0.3019668658574422,,,
2021-04-06,0.847,0.836,0.8505,0.833,1480728,0.4682793915271759,,,
2021-04-07,0.826,0.8255,0.8395,0.818,2101454,-0.9766818284988404,,,
2021-04-08,0.82,0.829,0.829,0.8115,1919958,0.0,,,
2021-04-09,0.83,0.8215,0.8305,0.8135,1256981,-0.4868840128183365,,,
2021-04-12,0.83,0.8295,0.837,0.809,1366136,0.9421404004096984,,,
2021-04-13,0.837,0.8215,0.8375,0.819,1012205,0.0,,,
2021-04-14,0.81,0.8235,0.827,0.81,639905,0.6260623335838317,,,
2021-04-15,0.8145,0.805,0.8305,0.805,737623,-0.9730728268623352,,,
2021-04-16,0.803,0.801,0.816,0.8005,1009978,0.0724318375190099,,,
2021-04-19,0.802,0.8155,0.82,0.8015,1388260,-0.4818008244037628,,,
2021-04-20,0.805,0.797,0.82,0.7905,1498358,-0.0101972818374633,,,
2021-04-21,0.7965,0.797,0.811,0.785,1319477,-0.0055195987224578,,,
2021-04-22,0.781,0.795,0.7995,0.7695,3314584,-0.9704859852790833,,,
2021-04-23,0.7955,0.7815,0.797,0.778,844197,-0.4875556230545044,,,
2021-04-26,0.782,0.794,0.794,0.7715,808070,0.9269841909408568,,,
2021-04-27,0.792,0.811,0.8125,0.7775,752919,0.9425927400588988,,,
2021-04-28,0.816,0.8195,0.8235,0.807,1019335,0.947108030319214,,,
2021-04-29,0.8055,0.8295,0.841,0.8055,944980,0.5146234234174093,,,
2021-04-30,0.83,0.8205,0.835,0.8185,1626980,-0.9750834107398988,,,
2021-05-03,0.829,0.836,0.836,0.8125,1147621,0.0125960111618042,,,
2021-05-04,0.8155,0.816,0.8475,0.8135,1416038,-0.9732292294502258,,,
2021-05-05,0.8265,0.8615,0.8635,0.8265,1799539,0.1870209296544392,,,
2021-05-06,0.869,0.8525,0.874,0.84,1646490,0.2295426279306412,,,
2021-05-07,0.866,0.858,0.866,0.85,1506223,-0.1404096015862056,,,
2021-05-10,0.864,0.881,0.893,0.862,3456662,0.5550802707672119,,,
2021-05-11,0.89,0.9015,0.9065,0.8745,2351058,0.5926396581861708,,,
2021-05-12,0.91,0.8985,0.9155,0.8865,2269368,0.5796273152033488,,,
2021-05-13,0.911,0.898,0.911,0.8825,1134787,-0.1726632316907246,,,
2021-05-14,0.886,0.92,0.9295,0.886,1667735,0.5599811226129532,,,
2021-05-17,0.9255,0.9235,0.9385,0.9205,868440,0.7160222927729288,,,
2021-05-18,0.926,0.92,0.9345,0.916,1251520,0.5421040892601013,,,
2021-05-19,0.9115,0.9095,0.9245,0.892,1212577,-0.052689754962921,,,
2021-05-20,0.924,0.905,0.924,0.9,1272643,-0.0471714536348978,,,
2021-05-21,0.893,0.911,0.9145,0.893,654994,-0.0284115225076675,,,
2021-05-24,0.91,0.9125,0.917,0.8945,772403,-0.0110386610031127,,,
2021-05-25,0.91,0.9185,0.9285,0.909,975470,0.6174799998601278,,,
2021-05-26,0.91,0.9125,0.926,0.9005,1240973,0.3071234424908955,,,
2021-05-27,0.895,0.92,0.932,0.895,6156234,0.6244946122169495,,,
2021-05-28,0.915,0.921,0.9305,0.915,787562,0.5578739047050476,,,
2021-05-31,0.925,0.911,0.928,0.911,474370,0.3024328847726186,,,
2021-06-01,0.92,0.938,0.9395,0.9115,986075,0.6912821531295776,,,
2021-06-02,0.94,0.971,0.9895,0.9395,5448728,0.719338188568751,,,
2021-06-03,0.985,0.974,0.985,0.9505,2230503,0.4681147833665212,,,
2021-06-04,0.9535,0.9775,0.981,0.9535,1223031,0.9338181853294372,,,
2021-06-07,0.98,0.9725,0.981,0.96,1341905,0.1696208715438843,,,
2021-06-08,0.9725,0.9675,0.9725,0.9555,795984,-0.203850781917572,,,
2021-06-09,0.959,0.966,0.975,0.951,1537932,-0.2037051439285278,,,
2021-06-10,0.952,0.97,0.9795,0.952,1886352,0.2877873420715332,,,
2021-06-11,0.968,0.97,0.9735,0.959,972422,-0.3846453785896301,,,
2021-06-14,0.97,0.977,0.9805,0.969,845906,0.099074113368988,,,
2021-06-15,0.97,0.968,0.9795,0.958,1051946,-0.0159492194652558,,,
2021-06-16,0.98,0.94,0.98,0.94,1171044,-0.9744639098644255,,,
2021-06-17,0.94,0.939,0.9585,0.939,835496,0.0,,,
2021-06-18,0.93,0.875,0.934,0.875,5790983,-0.832338171345847,,,
2021-06-21,0.871,0.849,0.8735,0.8465,3702323,-0.3475423653920491,,,
2021-06-22,0.855,0.8725,0.878,0.855,2310643,0.4717386662960052,,,
2021-06-23,0.885,0.87,0.8865,0.864,1707479,0.2228358685970306,,,
2021-06-24,0.88,0.8635,0.88,0.8535,1550975,-0.6478289167086283,,,
2021-06-25,0.87,0.8625,0.8785,0.858,1180077,-0.324625273545583,,,
2021-06-28,0.8635,0.8625,0.8835,0.8625,1761281,-0.9582039713859558,,,
2021-06-29,0.879,0.8615,0.879,0.853,1139525,-0.0764684975147247,,,
2021-06-30,0.861,0.865,0.8685,0.8445,1750183,-0.410155177116394,,,
2021-07-01,0.87,0.892,0.899,0.87,2070630,0.9367984533309938,,,
2021-07-02,0.8955,0.908,0.9185,0.8945,1579347,0.8753307461738586,,,
2021-07-05,0.895,0.896,0.906,0.887,652072,-0.9738563895225524,,,
2021-07-06,0.8915,0.884,0.906,0.88,1013487,-0.973071038722992,,,
2021-07-07,0.883,0.847,0.8875,0.8415,2040086,-0.9707842071851096,,,
2021-07-08,0.8725,0.836,0.8725,0.8295,2076036,-0.6488496760527293,,,
2021-07-09,0.829,0.8335,0.8425,0.8235,3411871,-0.9717346827189128,,,
2021-07-12,0.834,0.838,0.8415,0.8235,2142103,-0.4519940257072449,,,
2021-07-13,0.898,0.83,0.898,0.8295,3154337,-0.0150764703750611,,,
2021-07-14,0.8325,0.824,0.8335,0.82,1344508,-0.7217482775449753,,,
2021-07-15,0.821,0.8225,0.8335,0.8025,2699803,-0.4866709113121032,,,
2021-07-16,0.827,0.7995,0.829,0.7905,2706375,-0.6113074123859406,,,
2021-07-19,0.803,0.788,0.803,0.7825,2002173,-0.3629991752760751,,,
2021-07-20,0.7805,0.797,0.805,0.7805,2632799,0.623732328414917,,,
2021-07-21,0.8115,0.817,0.819,0.7955,2085015,0.9378563165664672,,,
2021-07-22,0.811,0.8075,0.831,0.8035,1532060,-0.0205727219581604,,,
2021-07-23,0.802,0.8055,0.808,0.795,1323592,-0.2040338397026062,,,
2021-07-26,0.794,0.8235,0.8255,0.787,2180337,0.0749533822139103,,,
2021-07-27,0.8245,0.803,0.8245,0.8,2837499,-0.974287748336792,,,
2021-07-28,0.849,0.7575,0.849,0.75,4195661,-0.4842776954174042,,,
2021-07-29,0.7535,0.774,0.775,0.7425,4372000,-0.4896822373072306,,,
2021-07-30,0.78,0.7755,0.7805,0.754,5294265,-0.1947956323623657,,,
2021-08-02,0.7825,0.7685,0.786,0.7615,2555075,-0.2234631730959965,,,
2021-08-03,0.7635,0.7655,0.7815,0.7565,2738155,-0.7716869711875916,,,
2021-08-04,0.772,0.752,0.772,0.7475,3850686,-0.5651707450548807,,,
2021-08-05,0.7475,0.745,0.749,0.7305,5123170,-0.8288711053984505,,,
2021-08-06,0.749,0.752,0.7525,0.7365,2887698,-0.1316707928975423,,,
2021-08-09,0.763,0.7515,0.7655,0.7445,5133186,0.1119210794568062,,,
2021-08-10,0.759,0.7635,0.767,0.747,2730753,-0.0459502339363097,,,
2021-08-11,0.7695,0.7745,0.776,0.764,3585631,0.935842752456665,,,
2021-08-12,0.778,0.7735,0.7935,0.7685,5076515,0.4553682506084442,,,
2021-08-13,0.78,0.777,0.78,0.768,1293875,0.0,,,
2021-08-16,0.776,0.7725,0.781,0.765,1399761,0.4649107456207276,,,
2021-08-17,0.768,0.745,0.768,0.7445,2252307,-0.9736845095952352,,,
2021-08-18,0.751,0.748,0.7545,0.7355,1669978,-0.6486809253692627,,,
2021-08-19,0.734,0.725,0.7415,0.725,3183389,-0.6211597621440887,,,
2021-08-20,0.7235,0.728,0.7285,0.713,2607597,-0.2144918918609619,,,
2021-08-23,0.736,0.7295,0.736,0.727,1575320,0.1806320190429687,,,
2021-08-24,0.7365,0.728,0.7365,0.726,1752764,0.0538710355758667,,,
2021-08-25,0.73,0.761,0.7635,0.7285,2432296,0.9433984756469728,,,
2021-08-26,0.753,0.761,0.77,0.75,1634814,0.6223364671071371,,,
2021-08-27,0.76,0.7715,0.7755,0.7595,2243129,0.9414318799972534,,,
2021-08-30,0.774,0.758,0.774,0.748,1615633,-0.976405382156372,,,
2021-08-31,0.7695,0.7835,0.786,0.7595,5606416,0.937449038028717,,,
2021-09-01,0.78,0.8105,0.8215,0.78,5492671,0.9265686273574828,,,
2021-09-02,0.809,0.8025,0.8115,0.796,1722873,0.0,,,
2021-09-03,0.8,0.8,0.805,0.792,1836878,-0.4867590069770813,,,
2021-09-06,0.81,0.8035,0.81,0.797,1176802,0.0,,,
2021-09-07,0.809,0.822,0.8245,0.799,2190958,0.915873885154724,,,
2021-09-08,0.8105,0.803,0.8195,0.803,2608658,-0.9718388915061952,,,
2021-09-09,0.802,0.798,0.802,0.781,2479165,-0.9714305996894836,,,
2021-09-10,0.796,0.7785,0.797,0.776,5942162,-0.9734777609507242,,,
2021-09-13,0.786,0.7685,0.786,0.7665,3889355,-0.4859903901815414,,,
2021-09-14,0.785,0.7865,0.804,0.7715,2717649,0.5864630738894144,,,
2021-09-15,0.781,0.8,0.805,0.781,2528470,0.541261625289917,,,
2021-09-16,0.8,0.815,0.82,0.7975,2889863,0.7029394805431366,,,
2021-09-17,0.817,0.8475,0.854,0.817,5472185,0.8928301930427551,,,
2021-09-20,0.8265,0.824,0.831,0.812,3165209,-0.974321186542511,,,
2021-09-21,0.844,0.8235,0.848,0.818,2713875,-0.9538736343383788,,,
2021-09-22,0.824,0.8325,0.842,0.824,2092896,0.4012783765792846,,,
2021-09-23,0.84,0.854,0.858,0.8385,2522048,0.925931711991628,,,
2021-09-24,0.848,0.8795,0.882,0.847,2968810,0.7367384910583497,,,
2021-09-27,0.89,0.919,0.92,0.8805,5811237,0.924537479877472,,,
2021-09-28,0.91,0.8895,0.931,0.8885,3502255,-0.9747280478477478,,,
2021-09-29,0.89,0.903,0.914,0.874,4735562,0.3037386139233907,,,
2021-09-30,0.91,0.901,0.916,0.891,3463599,0.3010188142458598,,,
2021-10-01,0.8785,0.897,0.9,0.878,2470968,-0.5364601612091064,,,
2021-10-04,0.9035,0.8885,0.9055,0.8845,1196771,-0.6486708919207255,,,
2021-10-05,0.89,0.902,0.9085,0.8885,2868816,-0.7054196758703752,,,
2021-10-06,0.91,0.91,0.923,0.899,4515412,-0.0482401847839355,,,
2021-10-07,0.91,0.9215,0.9285,0.904,5219941,0.2268974930047989,,,
2021-10-08,0.92,0.916,0.934,0.915,2298791,0.2760641574859619,,,
2021-10-11,0.926,0.93,0.9425,0.9205,4392289,0.4689349234104156,,,
2021-10-12,0.9285,0.9365,0.9365,0.915,2245828,0.6226300001144409,,,
2021-10-13,0.9365,0.8955,0.9385,0.8935,3277774,-0.6961571127176285,,,
2021-10-14,0.91,0.8855,0.91,0.8855,2904198,-0.3876594066619873,,,
2021-10-15,0.9,0.91,0.922,0.8965,3336375,0.3776136398315429,,,
2021-10-18,0.9045,0.91,0.915,0.9045,2136448,-0.807368129491806,,,
2021-10-19,0.911,0.9195,0.93,0.91,3913683,0.3866287469863891,,,
2021-10-20,0.904,0.919,0.9255,0.904,2532218,-0.1394153634707133,,,
2021-10-21,0.919,0.8895,0.919,0.8785,3276250,-0.4948835223913193,,,
2021-10-22,0.9075,0.8855,0.9075,0.8575,3336959,-0.4948835223913193,,,
2021-10-25,0.89,0.8995,0.9135,0.886,1772702,0.4724336564540863,,,
2021-10-26,0.901,0.901,0.908,0.8935,1087972,0.4732298254966736,,,
2021-10-27,0.8955,0.891,0.902,0.889,1660804,-0.894004225730896,,,
2021-10-28,0.8835,0.91,0.91,0.8835,1370433,0.9072117805480956,,,
2021-10-29,0.881,0.925,0.9285,0.881,3243601,0.0,,,
2021-11-01,0.922,0.9525,0.9625,0.922,4805921,0.9334418773651124,,,
2021-11-02,0.942,0.9425,0.953,0.94,2140370,-0.9550308585166932,,,
2021-11-03,0.945,0.9165,0.9455,0.884,5614697,-0.0840523328099932,,,
2021-11-04,0.928,0.904,0.928,0.8955,3779760,-0.4872739315032959,,,
2021-11-05,0.904,0.883,0.904,0.8735,3689558,0.1589828729629517,,,
2021-11-08,0.8875,0.879,0.8955,0.876,2832714,-0.3243633508682251,,,
2021-11-09,0.89,0.881,0.89,0.8775,1556654,0.0,,,
2021-11-10,0.883,0.877,0.886,0.8705,4193615,-0.4841720461845398,,,
2021-11-11,0.886,0.869,0.886,0.861,2512246,-0.3875799775123596,,,
2021-11-12,0.8615,0.858,0.8675,0.854,2572160,-0.3879417538642883,,,
2021-11-15,0.855,0.86,0.867,0.846,1188728,-0.483026772737503,,,
2021-11-16,0.861,0.847,0.861,0.844,1553672,-0.2345632314682006,,,
2021-11-17,0.8475,0.837,0.8475,0.837,2166358,0.1757545828819275,,,
2021-11-18,0.841,0.823,0.847,0.8185,2283717,-0.4695396423339844,,,
2021-11-19,0.8315,0.8175,0.85,0.8075,3017475,-0.3193835467100143,,,
2021-11-22,0.8105,0.8205,0.823,0.808,3194775,-0.1973564743995666,,,
2021-11-23,0.8175,0.815,0.825,0.808,2460014,-0.3609352111816406,,,
2021-11-24,0.8155,0.8255,0.8295,0.809,3498772,0.9186451435089112,,,
2021-11-25,0.815,0.824,0.827,0.8115,1646654,-0.9412370721499124,,,
2021-11-26,0.8,0.7725,0.805,0.7725,4435243,-0.5727647840976715,,,
2021-11-29,0.8035,0.78,0.8035,0.774,2551884,-0.0090929865837097,,,
2021-11-30,0.767,0.778,0.785,0.76,3101171,-0.3019461433092753,,,
2021-12-01,0.791,0.803,0.8105,0.784,2075941,-0.0198405683040617,,,
2021-12-02,0.829,0.804,0.829,0.792,1747140,-0.1490293592214584,,,
2021-12-03,0.792,0.791,0.806,0.783,2482195,-0.1868398388226827,,,
2021-12-06,0.795,0.803,0.808,0.7945,1049601,-0.1088921353220939,,,
2021-12-07,0.813,0.812,0.814,0.7985,1658043,0.0249219983816147,,,
2021-12-08,0.8105,0.806,0.812,0.787,2868094,-0.9690056443214417,,,
2021-12-09,0.814,0.8035,0.822,0.8035,1563789,-0.9690056443214417,,,
2021-12-10,0.8145,0.832,0.8365,0.8115,2784235,0.5342480838298798,,,
2021-12-13,0.8295,0.812,0.8335,0.81,3755675,-0.3250383933385213,,,
2021-12-14,0.8195,0.8195,0.8245,0.806,2126617,0.4352851212024688,,,
2021-12-15,0.8245,0.818,0.8295,0.8165,1957420,0.0,,,
2021-12-16,0.82,0.834,0.845,0.818,2528555,0.4690889120101928,,,
2021-12-17,0.825,0.7955,0.827,0.7885,4581110,0.1446199536323547,,,
2021-12-20,0.793,0.7825,0.796,0.7665,2419978,-0.4854536950588226,,,
2021-12-21,0.79,0.815,0.8165,0.7825,3480885,0.9440262913703918,,,
2021-12-22,0.821,0.824,0.8245,0.811,2076715,0.8813700079917908,,,
2021-12-23,0.822,0.8455,0.847,0.8195,1564525,0.8817666471004486,,,
2021-12-27,0.8345,0.84,0.843,0.8295,3118824,-0.9737650156021118,,,
2021-12-28,0.849,0.852,0.8545,0.837,1713468,0.0,,,
2021-12-29,0.849,0.8635,0.865,0.8425,2212620,0.5198320150375366,,,
2021-12-30,0.853,0.869,0.8735,0.853,2698035,-0.0197710692882537,,,
2022-01-03,0.862,0.884,0.8845,0.862,1728288,0.8762834668159485,,,
2022-01-04,0.877,0.9135,0.9135,0.877,3504320,0.6684634834527969,,,
2022-01-05,0.919,0.9215,0.928,0.909,2657585,0.8849852681159973,,,
2022-01-06,0.9185,0.949,0.949,0.904,2378885,0.8780855933825175,,,
2022-01-07,0.9485,0.952,0.955,0.9345,4404990,0.9115408658981324,,,
2022-01-10,0.95,0.9425,0.954,0.937,2001888,-0.4816204905509948,,,
2022-01-11,0.9395,0.9405,0.948,0.929,3066212,0.0071887572606404,,,
2022-01-12,0.9495,0.948,0.951,0.93,1677593,0.381797296660287,,,
2022-01-13,0.94,0.933,0.951,0.926,1598637,-0.3435349067052205,,,
2022-01-14,0.925,0.939,0.939,0.9195,2162016,0.0256830453872681,,,
2022-01-17,0.94,0.9505,0.951,0.9355,1636326,0.4798321425914764,,,
2022-01-18,0.951,0.948,0.96,0.94,2543994,0.9244672656059264,,,
2022-01-19,0.944,0.9185,0.946,0.914,4567378,-0.6491880019505819,,,
2022-01-20,0.9195,0.9195,0.9255,0.911,1298474,0.0,,,
2022-01-21,0.905,0.9035,0.915,0.8925,2221695,-0.4840752333402633,,,
2022-01-24,0.901,0.8765,0.903,0.865,3156605,-0.0596327980359395,,,
2022-01-25,0.87,0.8765,0.8925,0.865,3321207,0.218483716249466,,,
2022-01-26,0.8715,0.903,0.9135,0.8715,2117853,0.5319346785545349,,,
2022-01-27,0.91,0.922,0.9375,0.904,2815226,0.6203208466370901,,,
2022-01-28,0.925,0.9345,0.9425,0.91,2440894,0.9111457268397012,,,
2022-01-31,0.94,0.911,0.943,0.9005,2556071,-0.9732860922813416,,,
2022-02-01,0.918,0.933,0.9365,0.9175,2214497,0.576807402074337,,,
2022-02-02,0.94,0.9445,0.955,0.929,4077216,0.6462786538260323,,,
2022-02-03,0.932,0.9745,0.984,0.924,5186906,0.3118915557861328,,,
2022-02-04,0.9785,1.019,1.03,0.9785,10882709,0.5047308802604675,,,
2022-02-07,1.039,1.045,1.056,0.996,6827751,0.4471485274178641,,,
2022-02-08,1.04,1.067,1.088,1.04,7434013,0.4043502271175384,,,
2022-02-09,1.076,1.05,1.077,1.042,6856524,-0.2080282449722289,,,
2022-02-10,1.05,1.06,1.061,1.046,6204783,0.1351981588772365,,,
2022-02-11,1.05,1.056,1.074,1.044,3441224,0.3148869772752126,,,
2022-02-14,1.035,1.023,1.045,0.998,4773121,-0.348789612452189,,,
2022-02-15,1.026,1.024,1.043,1.016,6350637,0.1244926452636718,,,
2022-02-16,1.043,1.03,1.047,1.018,4300173,0.4645970861117045,,,
2022-02-17,1.03,1.003,1.031,0.998,2545108,-0.2901395037770271,,,
2022-02-18,1.0,0.993,1.019,0.993,3513270,-0.1797284654208592,,,
2022-02-21,0.997,0.9835,1.003,0.976,2523570,-0.3991278906663258,,,
2022-02-22,0.959,0.9765,0.9865,0.93,3396867,-0.469954286302839,,,
2022-02-23,0.9795,0.963,0.995,0.961,1723654,-0.5151176708085197,,,
2022-02-24,0.937,0.87,0.946,0.865,12369333,-0.6474475065867106,,,
2022-02-25,0.89,0.8965,0.9045,0.835,7201613,0.1877460122108459,,,
2022-02-28,0.86,0.8385,0.873,0.832,6950550,-0.4000600725412369,,,
2022-03-01,0.84,0.799,0.8545,0.797,9199686,-0.3356306652228037,,,
2022-03-02,0.8,0.8095,0.814,0.77,12394574,0.3662546277046203,,,
2022-03-03,0.822,0.8275,0.8525,0.82,14087006,0.6954619884490967,,,
2022-03-04,0.81,0.772,0.8165,0.77,10127209,-0.0185730258623759,,,
2022-03-07,0.747,0.7535,0.7775,0.687,16729443,-0.2933432261149089,,,
2022-03-08,0.7435,0.787,0.807,0.74,12879626,0.0335581302642822,,,
2022-03-09,0.835,0.8645,0.8645,0.8145,11014469,0.4905115067958832,,,
2022-03-10,0.8785,0.8605,0.881,0.836,8576042,-0.2529775351285934,,,
2022-03-11,0.8625,0.8575,0.887,0.8535,6847991,0.4179734826087952,,,
2022-03-14,0.856,0.8835,0.8865,0.856,3788042,0.6956067979335785,,,
2022-03-15,0.864,0.8815,0.884,0.864,2056831,-0.0173464218775432,,,
2022-03-16,0.9,0.94,0.948,0.898,6730719,0.8969481885433197,,,
2022-03-17,0.9415,0.927,0.949,0.9185,3330710,-0.4852088391780853,,,
2022-03-18,0.945,0.9215,0.945,0.9185,2408339,-0.476012647151947,,,
2022-03-21,0.9405,0.9205,0.945,0.9205,2018319,0.361011654138565,,,
2022-03-22,0.932,0.9435,0.953,0.924,2812734,0.6852671146392822,,,
2022-03-23,0.944,0.9285,0.949,0.925,3339337,-0.9744853973388672,,,
2022-03-24,0.956,0.9225,0.956,0.911,3165176,-0.6376600662867228,,,
2022-03-25,0.935,0.92,0.935,0.904,3877670,-0.0585556626319885,,,
2022-03-28,0.9115,0.914,0.9485,0.905,2994169,-0.3445349335670471,,,
2022-03-29,0.93,0.967,0.967,0.9135,3390869,0.9110741317272186,,,
2022-03-30,0.965,0.953,0.965,0.9415,2590640,-0.6493447820345561,,,
2022-03-31,0.968,0.943,0.968,0.939,2382726,0.0485491951306661,,,
2022-04-01,0.93,0.9245,0.9475,0.9205,3308554,0.1994380056858063,,,
2022-04-04,0.924,0.9115,0.9305,0.9095,3448195,-0.3349506855010987,,,
2022-04-05,0.924,0.9145,0.924,0.902,4070490,0.5573134422302246,,,
2022-04-06,0.898,0.8085,0.906,0.8085,9274487,0.2386231303215026,,,
2022-04-07,0.822,0.8435,0.8625,0.8005,5788508,0.3793838421503703,,,
2022-04-08,0.86,0.844,0.8715,0.8395,4233182,0.4119298891587691,,,
2022-04-11,0.857,0.8345,0.866,0.834,2939806,0.4866413899830409,,,
2022-04-12,0.833,0.833,0.8465,0.81,4407098,0.0720532470279269,,,
2022-04-13,0.8465,0.846,0.847,0.829,1633676,0.4288910627365112,,,
2022-04-14,0.862,0.8655,0.8655,0.844,1928357,-0.5268081823984782,,,
2022-04-19,0.8655,0.8825,0.8925,0.853,3225315,0.8777371942996979,,,
2022-04-20,0.881,0.931,0.9345,0.88,4835507,0.8735471487045288,,,
2022-04-21,0.924,0.943,0.955,0.9225,3151330,0.8459694186846415,,,
2022-04-22,0.9245,0.94,0.9655,0.906,3202639,0.143416690826416,,,
2022-04-25,0.921,0.933,0.946,0.91,2558561,0.6372313946485519,,,
2022-04-26,0.945,0.8835,0.947,0.882,3054385,0.3978710323572159,,,
2022-04-27,0.9045,0.84,0.9045,0.83,7498523,-0.1055465726291432,,,
2022-04-28,0.86,0.85,0.878,0.843,2235864,0.4709530387605939,,,
2022-04-29,0.87,0.901,0.9035,0.8625,4049456,0.629337659903935,,,
2022-05-02,0.8975,0.8715,0.8995,0.863,1750105,0.3302135407924652,,,
2022-05-03,0.8925,0.891,0.895,0.8765,1469904,0.8807156284650167,,,
2022-05-04,0.901,0.8615,0.901,0.858,1921312,0.1772021651268005,,,
2022-05-05,0.875,0.8495,0.8815,0.844,2893429,-0.2430449724197388,,,
2022-05-06,0.859,0.852,0.8635,0.832,1891485,-0.1945805549621582,,,
2022-05-09,0.861,0.8365,0.8635,0.8365,2129676,-0.2428406924009323,,,
2022-05-10,0.84,0.8505,0.869,0.84,2256644,-0.0027186274528503,,,
2022-05-11,0.86,0.8555,0.861,0.829,1809651,0.29349880417188,,,
2022-05-12,0.86,0.85,0.86,0.8275,1900043,-0.1931094288825988,,,
2022-05-13,0.86,0.862,0.876,0.853,1830957,0.0,,,
2022-05-16,0.87,0.8655,0.87,0.8525,1224465,0.1878567576408386,,,
2022-05-17,0.8725,0.906,0.906,0.872,3949698,0.3703720331192016,,,
2022-05-18,0.9095,0.8995,0.919,0.8915,1845767,-0.1033248901367187,,,
2022-05-19,0.89,0.889,0.893,0.871,1731315,-0.1910883188247681,,,
2022-05-20,0.892,0.9005,0.9265,0.892,2503537,0.3092256983121236,,,
2022-05-23,0.9185,0.9365,0.9365,0.911,2717325,0.2518864141570197,,,
2022-05-24,0.939,0.9275,0.9495,0.92,2284909,0.0883944630622863,,,
2022-05-25,0.935,0.937,0.9405,0.9285,1836504,-0.0493213368786705,,,
2022-05-26,0.93,0.942,0.945,0.93,3243075,0.4493501385052998,,,
2022-05-27,0.95,0.9295,0.95,0.924,1781791,0.2245347201824188,,,
2022-05-30,0.945,0.9395,0.945,0.931,1309586,0.2369467318058014,,,
2022-05-31,0.9495,0.9285,0.9495,0.928,5152463,0.0,,,
2022-06-01,0.9285,0.9335,0.9505,0.9285,2851640,0.4906068801879882,,,
2022-06-02,0.9365,0.9215,0.938,0.9215,1380385,-0.2436098605394363,,,
2022-06-03,0.9335,0.9225,0.9345,0.921,821167,0.0,,,
2022-06-06,0.923,0.95,0.9505,0.923,1806058,0.3064266443252563,,,
2022-06-07,0.934,0.936,0.95,0.929,1509600,-0.2381675839424133,,,
2022-06-08,0.9345,0.942,0.9495,0.9325,1429434,-0.168750250339508,,,
2022-06-09,0.944,0.9365,0.95,0.933,1560422,0.0,,,
2022-06-10,0.939,0.8735,0.939,0.8735,4059522,-0.0305173248052597,,,
2022-06-13,0.86,0.842,0.863,0.8395,4681666,-0.2422968596220016,,,
2022-06-14,0.858,0.8665,0.8675,0.844,2348420,0.0106592675050099,,,
2022-06-15,0.876,0.882,0.893,0.875,2173548,0.0558373502322605,,,
2022-06-16,0.881,0.876,0.888,0.864,1234982,0.0,,,
2022-06-17,0.88,0.905,0.931,0.879,3279825,0.1835492491722107,,,
2022-06-20,0.9005,0.98,0.983,0.9005,6087424,0.3960774115153721,,,
2022-06-21,0.9865,0.986,1.005,0.9715,3136648,0.0,,,
2022-06-22,0.957,0.9775,0.985,0.956,1875545,0.0,,,
2022-06-23,0.961,0.9295,0.9815,0.925,2957057,-0.0617369810740153,,,
2022-06-24,0.923,0.9385,0.944,0.912,1049634,0.0,,,
2022-06-27,0.9435,0.9405,0.9615,0.933,1456483,-0.0066490272680918,,,
2022-06-28,0.95,0.9605,0.972,0.948,2647065,0.2891307572523753,,,
2022-06-29,0.95,0.955,0.958,0.942,1279104,0.0,,,
2022-06-30,0.935,0.9335,0.94,0.9005,2935073,-0.4865698963403702,,,
2022-07-01,0.913,0.9055,0.944,0.9035,1955574,-0.4877537190914154,,,
2022-07-04,0.9,0.898,0.9085,0.89,2391719,-0.387016977582659,,,
2022-07-05,0.9145,0.853,0.9145,0.852,2250655,-0.2118795116742452,,,
2022-07-06,0.857,0.8155,0.8695,0.8155,3404938,-0.3096023127436638,,,
2022-07-07,0.834,0.8335,0.8395,0.821,4238792,0.1559776663780212,,,
2022-07-08,0.844,0.831,0.844,0.816,1846503,0.0,,,
2022-07-11,0.824,0.834,0.837,0.82,4492707,0.1037669352122715,,,
2022-07-12,0.8265,0.77,0.842,0.764,32722763,-0.4849052528540293,,,
2022-07-13,0.791,0.772,0.791,0.753,3650524,0.370915150642395,,,
2022-07-14,0.779,0.771,0.789,0.769,1980580,-0.323033074537913,,,
2022-07-15,0.775,0.7905,0.8025,0.77,2750996,0.4192142486572265,,,
2022-07-18,0.8,0.814,0.828,0.8,2586874,0.5080900390942892,,,
2022-07-19,0.8265,0.85,0.85,0.807,2187655,0.4659413993358612,,,
2022-07-20,0.85,0.833,0.8575,0.8165,1955582,-0.2432049959897995,,,
2022-07-21,0.821,0.8465,0.856,0.8055,3661335,0.2349354773759842,,,
2022-07-22,0.8265,0.839,0.8565,0.8215,2430784,0.1531659265359242,,,
2022-07-25,0.8235,0.8795,0.8875,0.823,2885896,0.1822768568992614,,,
2022-07-26,0.869,0.8715,0.8835,0.854,1614181,0.0,,,
2022-07-27,0.9,0.9075,0.918,0.8765,3022269,0.5380053344894858,,,
2022-07-28,0.8905,0.864,0.905,0.836,3409216,-0.2334342151880264,,,
2022-07-29,0.887,0.8445,0.887,0.84,2260223,-0.3233541846275329,,,
2022-08-01,0.855,0.8505,0.876,0.845,1577237,0.2284885495901108,,,
2022-08-02,0.845,0.8785,0.887,0.845,1668772,0.3704630374908447,,,
2022-08-03,0.862,0.861,0.8725,0.848,1924360,-0.2744217514991761,,,
2022-08-04,0.8585,0.856,0.87,0.855,1607046,0.0,,,
2022-08-05,0.86,0.8765,0.8825,0.8555,1438841,0.0,,,
2022-08-08,0.882,0.8915,0.899,0.8715,1823015,0.2464711169401804,,,
2022-08-09,0.884,0.8955,0.903,0.875,1870366,0.3032442331314087,,,
2022-08-10,0.8815,0.892,0.9005,0.8815,1780596,0.0,,,
2022-08-11,0.9,0.8985,0.902,0.89,1183924,0.3122518261273702,,,
2022-08-12,0.89,0.912,0.9145,0.89,2823455,0.3103838960329692,,,
2022-08-15,0.913,0.8955,0.9175,0.8915,710269,-0.1943780660629272,,,
2022-08-16,0.9,0.9125,0.922,0.9,1272433,0.463341012597084,,,
2022-08-17,0.922,0.901,0.926,0.8915,1951149,-0.0097207903861999,,,
2022-08-18,0.902,0.9065,0.9165,0.892,1655884,0.2339740544557571,,,
2022-08-19,0.916,0.882,0.916,0.88,1007632,0.0,,,
2022-08-22,0.88,0.86,0.8835,0.8535,2128996,-0.3227163155873616,,,
2022-08-23,0.865,0.869,0.875,0.86,1052537,-0.0039691073553902,,,
2022-08-24,0.86,0.869,0.874,0.8535,791150,0.0,,,
2022-08-25,0.877,0.856,0.8775,0.852,761066,-0.2754784056118556,,,
2022-08-26,0.851,0.8445,0.865,0.843,1653378,-0.2401155531406402,,,
2022-08-29,0.84,0.858,0.862,0.833,870545,0.1827382802963257,,,
2022-08-30,0.858,0.8585,0.888,0.858,1772191,0.2290839254856109,,,
2022-08-31,0.8725,0.8965,0.899,0.8705,5069576,0.3721867084503173,,,
2022-09-01,0.8935,0.855,0.8935,0.849,2012743,-0.0125701030095418,,,
2022-09-02,0.8585,0.871,0.875,0.846,1530141,0.3136084675788879,,,
2022-09-05,0.855,0.8515,0.8575,0.8415,1365999,-0.2419541627168655,,,
2022-09-06,0.8645,0.858,0.8715,0.845,1106492,0.0,,,
2022-09-07,0.864,0.8625,0.87,0.848,1170522,0.0,,,
2022-09-08,0.8745,0.901,0.9065,0.8625,2637786,0.2374625355005264,,,
2022-09-09,0.901,0.937,0.9455,0.8975,4726806,0.3512483596801757,,,
2022-09-12,0.9335,0.975,0.977,0.9335,4211371,0.515140426158905,,,
2022-09-13,0.9615,0.957,0.974,0.922,2775114,-0.2395745813846588,,,
2022-09-14,0.9315,0.958,0.973,0.9315,2175442,0.2390011747678121,,,
2022-09-15,0.97,1.01,1.012,0.969,6838950,0.4548166890939076,,,
2022-09-16,0.996,0.9985,0.9985,0.977,2087842,-0.2408377230167389,,,
2022-09-19,0.9975,1.008,1.015,0.99,1162278,0.0,,,
2022-09-20,1.007,1.016,1.026,1.0,2042212,0.4681119918823242,,,
2022-09-21,1.01,1.014,1.017,0.99,1762906,0.0,,,
2022-09-22,1.0,1.057,1.07,1.0,4852989,0.0,,,
2022-09-23,1.05,1.042,1.059,1.022,4115069,0.0,,,
2022-09-26,1.026,1.03,1.045,0.996,4395571,0.0,,,
2022-09-27,1.036,0.97,1.046,0.961,3920974,-0.3239601453145345,,,
2022-09-28,0.971,0.9425,0.971,0.931,4690910,-0.2320680171251297,,,
2022-09-29,0.9425,0.9185,0.95,0.905,3313643,-0.9516287744045258,,,
2022-09-30,0.92,0.9265,0.935,0.9095,1877388,0.0,,,
2022-10-03,0.9245,0.9335,0.9355,0.91,2255124,0.0330016868455069,,,
2022-10-04,0.952,0.96,0.9635,0.9425,2438366,0.1797504067420959,,,
2022-10-05,0.9685,0.943,0.9685,0.935,1536904,0.0,,,
2022-10-06,0.9465,0.928,0.9525,0.925,1265989,0.0,,,
2022-10-07,0.95,0.936,0.95,0.9245,1453991,0.1250981569290161,,,
2022-10-10,0.959,0.9165,0.96,0.915,982467,0.159493883450826,,,
2022-10-11,0.915,0.8995,0.915,0.8865,2257838,-0.194834291934967,,,
2022-10-12,0.902,0.8915,0.902,0.863,1601397,-0.3887542486190796,,,
2022-10-13,0.8835,0.9095,0.913,0.883,2963382,0.0,,,
2022-10-14,0.9255,0.9155,0.931,0.9115,1708532,0.1526231865088144,,,
2022-10-17,0.9145,0.928,0.935,0.9145,1786392,0.2266972959041595,,,
2022-10-18,0.949,0.9495,0.9575,0.928,2681784,0.2083359956741333,,,
2022-10-19,0.958,0.95,0.9615,0.943,1168260,0.4001349955797195,,,
2022-10-20,0.9535,0.9925,1.0,0.9525,2345799,0.4373023509979248,,,
2022-10-21,0.977,0.9745,0.9965,0.963,1392067,0.0,,,
2022-10-24,0.9835,0.9795,0.997,0.969,1806203,0.0,,,
2022-10-25,0.987,0.9665,0.989,0.9635,1992952,0.0,,,
2022-10-26,0.972,0.9565,0.977,0.9565,2101415,0.0,,,
2022-10-27,0.96,0.92,0.961,0.873,14943951,0.3925394626224742,,,
2022-10-28,0.9205,0.889,0.9205,0.861,9354054,-0.2177528994424002,,,
2022-10-31,0.895,0.896,0.904,0.887,2695249,-0.159672126173973,,,
2022-11-01,0.909,0.8945,0.916,0.8945,2617099,0.4453238695859909,,,
2022-11-02,0.8945,0.891,0.9125,0.89,3241277,0.1394050021966298,,,
2022-11-03,0.89,0.92,0.9215,0.8845,3925862,-0.305178423722585,,,
2022-11-04,0.919,0.92,0.9315,0.9175,3764663,0.2304697930812836,,,
2022-11-07,0.92,0.924,0.936,0.919,2667412,0.0,,,
2022-11-08,0.92,0.94,0.941,0.92,3428432,0.1839978694915771,,,
2022-11-09,0.94,0.9425,0.948,0.93,2058107,0.0,,,
2022-11-10,0.935,0.942,0.954,0.9265,4266072,0.0,,,
2022-11-11,0.9435,0.92,0.9435,0.92,3708413,0.0,,,
2022-11-14,0.92,0.941,0.9515,0.92,3088505,0.0,,,
2022-11-15,0.938,0.9535,0.959,0.938,2257503,0.370062506198883,,,
2022-11-16,0.951,0.9535,0.9575,0.9485,2571554,0.0,,,
2022-11-17,0.953,0.95,0.956,0.9455,4396464,-0.9551716446876526,,,
2022-11-18,0.95,0.96,0.966,0.95,2990952,0.5980322957038879,,,
2022-11-21,0.96,0.9715,0.9745,0.9595,4891910,0.4601871520280838,,,
2022-11-22,0.9715,0.991,0.995,0.965,5697758,0.5318272233009338,,,
2022-11-23,0.99,0.992,1.009,0.99,2967237,0.7897570729255676,,,
2022-11-24,0.99,0.9885,1.0,0.98,2732563,0.7897570729255676,,,
2022-11-25,0.9905,0.992,0.995,0.983,1293810,0.0,,,
2022-11-28,0.98,0.986,1.002,0.95,2512384,-0.329390287399292,,,
2022-11-29,0.9875,0.9905,0.992,0.98,2366473,0.0,,,
2022-11-30,0.9905,0.99,0.995,0.9675,7517392,-0.3736730217933655,,,
2022-12-01,0.995,0.9425,0.995,0.9405,7027947,-0.3235925038655599,,,
2022-12-02,0.9405,0.942,0.9515,0.928,2865390,-0.1661660194396972,,,
2022-12-05,0.95,0.9455,0.953,0.94,1231203,-0.3061380386352539,,,
2022-12-06,0.94,0.937,0.9435,0.93,1572545,-0.4454332888126373,,,
2022-12-07,0.9415,0.9365,0.946,0.9325,1881784,-0.3245258132616678,,,
2022-12-08,0.9365,0.9335,0.937,0.9275,1093720,-0.3245258132616678,,,
2022-12-09,0.927,0.938,0.9425,0.92,2724376,-0.3167678912480672,,,
2022-12-12,0.944,0.9265,0.944,0.926,1217709,-0.3167678912480672,,,
2022-12-13,0.921,0.944,0.957,0.921,6959274,0.2294430881738663,,,
2022-12-14,0.947,0.9595,0.9595,0.937,3189558,-0.2655942837397257,,,
2022-12-15,0.95,0.9285,0.9515,0.92,3939309,0.2504001557826996,,,
2022-12-16,0.923,0.942,0.9525,0.92,4718407,-0.2272642453511556,,,
2022-12-19,0.948,0.9395,0.959,0.93,3663659,0.2871592144171397,,,
2022-12-20,0.9435,0.991,1.02,0.941,10928446,0.6616753816604615,,,
2022-12-21,0.998,1.016,1.02,0.9805,4974571,0.3064028819402059,,,
2022-12-22,1.018,1.018,1.031,1.015,5099990,0.0,,,
2022-12-23,1.014,1.044,1.048,1.014,24597697,0.1380452315012613,,,
2022-12-27,1.05,1.043,1.067,1.04,4512948,-0.1767236948013305,,,
2022-12-28,1.047,1.061,1.067,1.031,6099415,0.2745193243026733,,,
2022-12-29,1.063,1.058,1.065,1.046,3847673,-0.3798225164413452,,,
2022-12-30,1.058,1.031,1.058,1.028,2820688,0.6190774540106455,,,
2023-01-02,1.042,1.056,1.057,1.03,2589213,0.6190774540106455,,,
2023-01-03,1.056,1.083,1.085,1.056,4521848,0.0,,,
2023-01-04,1.089,1.124,1.128,1.089,6802764,0.0,,,
2023-01-05,1.125,1.16,1.167,1.115,6616915,0.4751703441143036,,,
2023-01-06,1.18,1.207,1.217,1.179,8569201,0.2386391460895538,,,
2023-01-09,1.222,1.187,1.229,1.172,15751336,0.0,,,
2023-01-10,1.18,1.214,1.227,1.18,9473214,0.5415446758270264,,,
2023-01-11,1.221,1.189,1.228,1.188,8696603,0.1877818306287129,,,
2023-01-12,1.198,1.204,1.213,1.178,9371558,0.5082076191902161,,,
2023-01-13,1.205,1.24,1.24,1.205,9058610,0.0,,,
2023-01-16,1.24,1.215,1.24,1.2,7870134,0.4453679025173187,,,
2023-01-17,1.215,1.21,1.23,1.205,6564423,0.0,,,
2023-01-18,1.2,1.2,1.219,1.193,10474293,0.2014283339182535,,,
2023-01-19,1.195,1.176,1.201,1.163,9167236,-0.6716291507085165,,,
2023-01-20,1.18,1.193,1.199,1.178,6831786,0.5924831827481588,,,
2023-01-23,1.195,1.192,1.205,1.188,3665639,0.7984926700592041,,,
2023-01-24,1.195,1.2,1.205,1.181,4350395,0.407499223947525,,,
2023-01-25,1.199,1.195,1.201,1.186,3603613,-0.011721114317576,,,
2023-01-26,1.205,1.237,1.246,1.205,14901112,0.3251757860183715,,,
2023-01-27,1.238,1.257,1.257,1.231,9926322,0.0,,,
2023-01-30,1.252,1.245,1.255,1.231,10435217,0.5047852396965027,,,
2023-01-31,1.186,1.127,1.186,1.121,50460507,0.2508500383959876,,,
2023-02-01,1.123,1.14,1.151,1.1,22450615,0.0,,,
2023-02-02,1.142,1.14,1.178,1.126,22622120,0.0,,,
2023-02-03,1.143,1.132,1.152,1.11,12510753,-0.1652325987815857,,,
2023-02-06,1.13,1.119,1.138,1.113,6627150,0.0,,,
2023-02-07,1.117,1.131,1.135,1.114,7061190,-0.437844380736351,,,
2023-02-08,1.14,1.125,1.142,1.122,9048335,0.9241138100624084,,,
2023-02-09,1.128,1.138,1.159,1.124,10039671,0.9241138100624084,,,
2023-02-10,1.135,1.132,1.153,1.128,5652606,0.9241138100624084,,,
2023-02-13,1.14,1.16,1.171,1.134,9185090,0.0563181161880492,,,
2023-02-14,1.164,1.163,1.169,1.147,6895598,0.0563181161880492,,,
2023-02-15,1.166,1.157,1.166,1.143,5270267,-0.7369794175028801,,,
2023-02-16,1.16,1.165,1.17,1.156,8425294,-0.7369794175028801,,,
2023-02-17,1.155,1.181,1.184,1.155,10056789,0.3238291144371032,,,
2023-02-20,1.193,1.176,1.205,1.172,5718142,0.9545565843582152,,,
2023-02-21,1.176,1.176,1.179,1.158,4433611,0.9545565843582152,,,
2023-02-22,1.165,1.143,1.166,1.139,7633673,0.1789399027824401,,,
2023-02-23,1.148,1.169,1.172,1.144,6474669,0.1789399027824401,,,
2023-02-24,1.172,1.17,1.177,1.158,4832956,-0.082265818119049,,,
2023-02-27,1.175,1.178,1.194,1.169,7081911,-0.082265818119049,,,
2023-02-28,1.17,1.21,1.22,1.16,15885371,0.9197402596473694,,,
2023-03-01,1.211,1.186,1.213,1.182,9529909,0.9197402596473694,,,
2023-03-02,1.18,1.178,1.185,1.168,5740874,0.0,,,
2023-03-03,1.18,1.196,1.196,1.176,4589210,0.939795732498169,,,
2023-03-06,1.207,1.216,1.224,1.204,7953835,0.9211850762367249,,,
2023-03-07,1.216,1.202,1.219,1.198,5375411,0.0,,,
2023-03-08,1.199,1.208,1.218,1.193,4712372,0.0,,,
2023-03-09,1.21,1.187,1.21,1.185,5673378,0.0,,,
2023-03-10,1.153,1.157,1.161,1.122,13461363,0.3328560292720794,,,
2023-03-13,1.147,1.067,1.149,1.062,20689602,0.0,,,
2023-03-14,1.06,1.089,1.106,1.04,18338881,0.0,,,
2023-03-15,1.096,1.023,1.096,1.012,15768736,0.0067363778750101,,,
2023-03-16,1.044,1.005,1.068,0.992,16518256,-0.3240315516789754,,,
2023-03-17,1.021,0.9875,1.035,0.977,15825028,-0.2431729882955551,,,
2023-03-20,0.97,0.9965,1.012,0.92,16579117,-0.1633603572845459,,,
2023-03-21,1.018,1.043,1.054,1.011,9938401,0.2297525405883789,,,
2023-03-22,1.041,1.02,1.052,1.013,12784341,-0.4536701291799545,,,
2023-03-23,1.01,0.997,1.022,0.9965,7802696,0.0,,,
2023-03-24,0.991,0.9565,0.9935,0.9375,12842542,0.0,,,
2023-03-27,0.9705,0.9675,0.99,0.947,9324682,-0.3155462145805358,,,
2023-03-28,0.984,0.9695,0.9955,0.962,6792746,0.0075246776853288,,,
2023-03-29,0.976,0.988,0.9955,0.972,4395560,0.1311599952833993,,,
2023-03-30,1.001,1.004,1.012,0.988,5735455,0.5373071134090424,,,
2023-03-31,1.007,0.988,1.007,0.9825,5171946,-0.3245115876197814,,,
2023-04-03,1.005,1.0,1.014,0.985,7355960,-0.4799705743789673,,,
2023-04-04,1.01,0.989,1.01,0.9855,4873386,0.0,,,
2023-04-05,1.0,0.984,1.004,0.9765,7183309,0.460580050945282,,,
2023-04-06,0.9915,1.015,1.016,0.9905,6131459,0.0,,,
2023-04-11,1.026,1.038,1.042,1.022,14134075,0.9190180897712708,,,
2023-04-12,1.005,0.9915,1.01,0.99,8066021,0.1148836836218834,,,
2023-04-13,0.9945,0.993,0.996,0.9735,6062101,0.4454078376293182,,,
2023-04-14,1.001,1.016,1.02,0.9875,7385016,0.184225583076477,,,
2023-04-17,1.025,1.026,1.037,1.02,9321732,-0.0092763155698775,,,
2023-04-18,1.028,1.032,1.045,1.028,5461974,0.1968725770711898,,,
2023-04-19,1.03,1.046,1.048,1.02,5165826,0.0,,,
2023-04-20,1.054,1.029,1.079,1.026,7392176,0.299689253171285,,,
2023-04-21,1.029,1.017,1.029,1.007,6429064,-0.0252512693405151,,,
2023-04-24,1.012,1.014,1.017,1.004,3911564,-0.0219553261995315,,,
2023-04-25,1.006,0.9975,1.006,0.993,6730104,-0.4453906238079071,,,
2023-04-26,0.9915,1.006,1.008,0.965,6688657,-0.1541833182175954,,,
2023-04-27,1.008,1.021,1.023,1.0,4380713,0.6068070729573568,,,
2023-04-28,0.9675,0.9195,0.9675,0.911,29942039,-0.5656523975459012,,,
2023-05-02,0.919,0.9065,0.9435,0.9065,10627940,-0.3299392819404602,,,
2023-05-03,0.902,0.917,0.924,0.9005,7833288,0.1184753775596618,,,
2023-05-04,0.903,0.8885,0.9135,0.879,11865532,0.0291649103164672,,,
2023-05-05,0.9,0.898,0.913,0.89,5096629,-0.1945575594902038,,,
2023-05-08,0.9145,0.923,0.9235,0.907,3751543,-0.0098160107930501,,,
2023-05-09,0.9245,0.92,0.9285,0.9135,2802573,0.0,,,
2023-05-10,0.929,0.922,0.9345,0.9185,3367099,0.0,,,
2023-05-11,0.925,0.915,0.927,0.9065,5789541,0.3563262701034546,,,
2023-05-12,0.92,0.9255,0.929,0.9175,5880058,0.0,,,
2023-05-15,0.928,0.928,0.9315,0.917,3474295,-0.3155462145805358,,,
2023-05-16,0.92,0.9245,0.93,0.918,4330434,0.0,,,
2023-05-17,0.916,0.933,0.9345,0.916,5860671,0.1244626470974513,,,
2023-05-18,0.923,0.93,0.9325,0.923,5016358,-0.028129239877065,,,
2023-05-19,0.933,0.9345,0.939,0.9275,4455464,0.0,,,
2023-05-22,0.9325,0.9485,0.95,0.932,4092303,-0.1610763669013976,,,
2023-05-23,0.95,0.9505,0.9555,0.944,2758723,0.3045984705289205,,,
2023-05-24,0.94,0.932,0.945,0.9275,3695700,0.0,,,
2023-05-25,0.928,0.935,0.9395,0.917,5477277,0.2322503447532654,,,
2023-05-26,0.944,0.93,0.944,0.9195,3916600,0.2150530517101287,,,
2023-05-29,0.941,0.9265,0.947,0.918,2874392,-0.1352340919630868,,,
2023-05-30,0.9285,0.918,0.9375,0.918,2840014,0.5342456340789795,,,
2023-05-31,0.913,0.891,0.9225,0.881,12330332,-0.4100041815212795,,,
2023-06-01,0.9,0.906,0.921,0.8995,4830158,-0.2376183966795603,,,
2023-06-02,0.911,0.922,0.924,0.91,4134491,0.4697633153862423,,,
2023-06-05,0.934,0.9155,0.934,0.911,2633309,-0.1779177069664001,,,
2023-06-06,0.918,0.9185,0.921,0.907,2024831,0.2194643467664718,,,
2023-06-07,0.917,0.92,0.9305,0.914,2350197,0.3182707905769348,,,
2023-06-08,0.92,0.935,0.9395,0.92,4245831,0.1961503128210703,,,
2023-06-09,0.939,0.927,0.9395,0.923,3275619,0.1933488547801971,,,
2023-06-12,0.9355,0.9335,0.9405,0.9225,3047287,0.0281268805265426,,,
2023-06-13,0.9365,0.932,0.938,0.9225,2749720,0.2266618121754039,,,
2023-06-14,0.924,0.94,0.948,0.9205,3715075,0.0,,,
2023-06-15,0.938,0.9385,0.9415,0.929,3032793,-0.1609234511852264,,,
2023-06-16,0.9385,0.944,0.953,0.933,5800079,-0.2497273286183675,,,
2023-06-19,0.944,0.9415,0.9585,0.9395,2748825,0.136649227142334,,,
2023-06-20,0.939,0.937,0.946,0.9325,2259262,-0.1373381614685058,,,
2023-06-21,0.944,0.941,0.95,0.9385,2562967,0.3113997975985209,,,
2023-06-22,0.936,0.928,0.938,0.9205,6305660,0.1124179363250732,,,
2023-06-23,0.9175,0.9075,0.921,0.9055,4215236,-0.3238422075907389,,,
2023-06-26,0.906,0.9125,0.918,0.889,4437586,-0.6407166918118795,,,
2023-06-27,0.92,0.926,0.926,0.9115,4864465,0.2207698971033096,,,
2023-06-28,0.927,0.935,0.9365,0.9245,2995662,-0.006480187177658,,,
2023-06-29,0.935,0.9575,0.9585,0.935,4692011,0.1843634486198425,,,
2023-06-30,0.958,0.963,0.974,0.9575,7497208,0.5323494176069895,,,
2023-07-03,0.964,0.975,0.9775,0.9625,5850302,0.4735836982727051,,,
2023-07-04,0.9785,0.9625,0.9865,0.961,5319339,0.1537953118483225,,,
2023-07-05,0.96,0.9435,0.96,0.9405,4666132,-0.4802872091531753,,,
2023-07-06,0.935,0.9205,0.937,0.92,4615310,-0.1220985054969787,,,
2023-07-07,0.9205,0.955,0.96,0.9195,7313298,0.2247669398784637,,,
2023-07-10,0.9515,0.9595,0.967,0.94,3066667,-0.0071760356426238,,,
2023-07-11,0.9685,0.977,0.9805,0.962,4437851,0.2428389245813543,,,
2023-07-12,0.982,0.983,0.988,0.9705,4469059,0.430837611357371,,,
2023-07-13,0.986,0.986,0.9915,0.974,3648992,0.0582869301239649,,,
2023-07-14,0.9815,0.974,0.9885,0.974,4520740,-0.1519156495730082,,,
2023-07-17,0.97,0.979,0.982,0.97,3725886,0.22956582903862,,,
2023-07-18,0.985,0.9945,0.9945,0.977,3582216,0.4526557147502899,,,
2023-07-19,0.995,1.001,1.001,0.99,3875334,0.0,,,
2023-07-20,1.0,1.015,1.018,0.9995,4047458,0.1516010544516823,,,
2023-07-21,1.007,1.009,1.016,0.999,3539471,-0.0705312192440033,,,
2023-07-24,0.9815,1.001,1.001,0.9675,5108421,-0.0034536918004354,,,
2023-07-25,1.005,1.006,1.009,0.9985,2410930,0.2026153670416938,,,
2023-07-26,1.004,1.024,1.024,1.004,4301332,-0.0046611785888671,,,
2023-07-27,1.03,1.071,1.071,1.023,12347108,-0.1383203778948102,,,
2023-07-28,1.074,1.078,1.105,1.072,8637267,0.2778445680936177,,,
2023-07-31,1.076,1.06,1.087,1.06,2963888,0.0994083285331726,,,
2023-08-01,1.06,1.061,1.078,1.057,4257595,-0.0662710411208016,,,
2023-08-02,1.0,0.999,1.005,0.982,27805987,-0.517903436313976,,,
2023-08-03,1.003,1.015,1.016,0.996,13870624,0.0044220354821946,,,
2023-08-04,1.024,1.023,1.029,1.014,10039243,-0.5250881115595499,,,
2023-08-07,1.023,1.022,1.027,1.01,8730134,-0.5240421550614494,,,
2023-08-08,1.015,0.997,1.02,0.979,11385212,-0.1083698140250312,,,
2023-08-09,1.013,0.998,1.015,0.9915,5921358,0.5940162936846415,,,
2023-08-10,1.006,1.011,1.012,0.9985,6358019,0.2996654585003853,,,
2023-08-11,1.013,1.01,1.019,1.008,7269626,0.0183143019676208,,,
2023-08-14,1.009,1.039,1.047,1.008,7330647,0.0,,,
2023-08-15,1.043,1.027,1.043,1.021,3935003,0.1059322754542032,,,
2023-08-16,1.019,1.024,1.029,1.017,2329077,-0.3127397894859314,,,
2023-08-17,1.024,1.018,1.036,1.018,4399465,0.0,,,
2023-08-18,1.026,1.008,1.026,1.001,5200084,-0.324464201927185,,,
2023-08-21,1.012,1.013,1.022,1.01,2841668,0.0,,,
2023-08-22,1.019,1.016,1.023,1.014,2817961,0.4409365534782409,,,
2023-08-23,1.02,1.007,1.023,1.006,2875507,0.0,,,
2023-08-24,1.019,1.016,1.02,1.009,2210959,0.9077631831169128,,,
2023-08-25,1.013,1.017,1.027,1.013,3685296,-0.4174650460481643,,,
2023-08-28,1.026,1.03,1.035,1.024,1337312,-0.4831562995910644,,,
2023-08-29,1.035,1.04,1.04,1.029,5961078,0.1663059815764427,,,
2023-08-30,1.04,1.059,1.066,1.04,6094587,0.5480550646781921,,,
2023-08-31,1.06,1.02,1.062,1.02,5645015,-0.1388393810817173,,,
2023-09-01,1.025,1.014,1.036,1.012,3361891,-0.5840648770332336,,,
2023-09-04,1.029,1.009,1.029,1.007,2655451,0.3714583814144134,,,
2023-09-05,1.014,1.009,1.022,1.006,3666743,0.2555235113416399,,,
2023-09-06,1.008,0.985,1.011,0.9815,5966963,-0.239241823554039,,,
2023-09-07,0.983,0.981,0.995,0.978,5468046,-0.2124406844377517,,,
2023-09-08,0.986,0.995,0.9955,0.975,3496139,-0.1287956237792968,,,
2023-09-11,1.01,1.011,1.018,1.002,4012149,0.0002770253590175,,,
2023-09-12,1.016,1.02,1.021,1.01,3424395,-0.0007539590199788,,,
2023-09-13,1.02,1.01,1.025,1.006,2844503,0.0,,,
2023-09-14,1.004,1.022,1.025,0.9955,2831057,0.1002429061465793,,,
2023-09-15,1.026,1.006,1.026,1.003,4978664,-0.114945113658905,,,
2023-09-18,1.005,0.996,1.01,0.9935,5319476,-0.1166509091854095,,,
2023-09-19,0.9975,1.01,1.013,0.9975,3161977,0.2277087450027465,,,
2023-09-20,1.012,1.016,1.021,1.01,3730115,0.0436055213212967,,,
2023-09-21,1.01,1.007,1.012,0.9955,4741710,0.0,,,
2023-09-22,1.006,1.002,1.012,0.996,4414578,-0.4772096425294876,,,
2023-09-25,1.0,0.9995,1.013,0.995,6780085,-0.0433242321014404,,,
2023-09-26,1.001,1.001,1.008,0.9905,5055169,-0.1148014590144157,,,
2023-09-27,1.005,1.006,1.038,1.001,10777946,0.1705002784729004,,,
2023-09-28,1.003,1.022,1.024,0.998,5915684,0.0948569575945536,,,
2023-09-29,1.022,1.019,1.026,1.012,5625621,-0.1120052801238166,,,
2023-10-02,1.024,1.032,1.058,1.024,9422269,0.1208334394863673,,,
2023-10-03,1.025,1.008,1.041,1.007,6248282,0.09792160987854,,,
2023-10-04,1.008,0.9995,1.012,0.9955,8568703,-0.3243610461552937,,,
2023-10-05,1.008,1.014,1.016,0.996,4315976,0.1519702772299448,,,
2023-10-06,1.014,1.021,1.032,1.014,5419085,0.1319440177508763,,,
2023-10-09,1.01,1.006,1.02,1.001,5497277,0.1367292046546936,,,
2023-10-10,1.012,1.024,1.027,1.012,5117281,0.4476594030857086,,,
2023-10-11,1.021,1.035,1.038,1.021,4440668,0.3732614755630493,,,
2023-10-12,1.04,1.04,1.043,1.037,2559597,0.0,,,
2023-10-13,1.036,1.007,1.039,1.001,8264582,-0.2437252253293991,,,
2023-10-16,1.004,1.017,1.019,1.004,3019076,-0.2027552723884582,,,
2023-10-17,1.015,1.015,1.022,1.009,3284828,0.083314448595047,,,
2023-10-18,1.014,1.003,1.015,1.001,3884803,-0.2405049055814743,,,
2023-10-19,1.001,1.017,1.02,0.991,11229515,0.0912158668041229,,,
2023-10-20,1.011,1.018,1.032,1.005,8399856,0.3914458070482526,,,
2023-10-23,1.024,1.007,1.025,1.001,4711770,0.0003949701786041,,,
2023-10-24,1.007,0.9775,1.008,0.9775,13752158,0.1450980251485651,,,
2023-10-25,0.98,0.9825,0.9855,0.967,6323035,0.1106229424476624,,,
2023-10-26,0.976,1.008,1.008,0.976,6638443,0.1241644024848938,,,
2023-10-27,1.013,1.006,1.019,1.002,8822887,-0.0400719493627548,,,
2023-10-30,1.005,0.973,1.005,0.947,22338141,0.0370497455199559,,,
2023-10-31,0.973,0.982,1.007,0.972,14269153,-0.0076397169720042,,,
2023-11-01,0.988,0.9825,0.99,0.979,6098043,-0.0120236873626708,,,
2023-11-02,0.983,0.9975,1.001,0.9825,6698614,0.3653338193893433,,,
2023-11-03,1.002,1.009,1.014,0.9995,7855052,0.5045709269387382,,,
2023-11-06,1.01,1.01,1.019,1.006,5030550,-0.1212341785430907,,,
2023-11-07,1.002,0.996,1.016,0.9905,5297563,0.2291368842124939,,,
2023-11-08,0.9925,1.011,1.013,0.9905,4600059,-0.0160747915506362,,,
2023-11-09,1.009,1.02,1.026,1.009,7743441,0.1319445371627807,,,
2023-11-10,1.018,1.004,1.024,1.002,5969312,-0.4087569883891514,,,
2023-11-13,1.019,1.02,1.022,1.012,7224802,-0.3842934131622314,,,
2023-11-14,1.01,1.013,1.019,0.999,10207236,-0.0075020102354196,,,
2023-11-15,1.017,1.009,1.019,1.008,5679285,-0.1352340919630868,,,
2023-11-16,1.009,1.005,1.016,1.005,4052412,0.0,,,
2023-11-17,1.015,1.002,1.016,0.999,11407328,-0.2425117939710617,,,
2023-11-20,1.01,1.009,1.013,1.008,6178099,-0.0014418562253315,,,
2023-11-21,1.009,0.9975,1.01,0.9955,5684916,0.2953230010138618,,,
2023-11-22,1.005,0.995,1.005,0.995,7978074,-0.1938962459564208,,,
2023-11-23,1.001,1.028,1.028,1.0,12527119,0.1531941095987955,,,
2023-11-24,1.03,1.02,1.038,1.019,5227874,-0.1115693085723453,,,
2023-11-27,1.024,1.017,1.028,1.017,3145594,0.1250287652015686,,,
2023-11-28,1.012,1.036,1.036,1.008,6789333,0.4188113510608673,,,
2023-11-29,1.037,1.036,1.044,1.031,5711979,0.4753706455230713,,,
2023-11-30,1.042,1.019,1.043,1.019,6593107,-0.016090452671051,,,
2023-12-01,1.027,1.023,1.027,1.017,3745875,0.1354732854025704,,,
2023-12-04,1.024,1.021,1.032,1.019,5551934,-0.0085177540779113,,,
2023-12-05,1.01,1.016,1.023,1.01,6630731,0.3104348457776583,,,
2023-12-06,1.022,1.008,1.023,1.006,6245126,-0.484159529209137,,,
2023-12-07,1.007,0.977,1.01,0.9735,14430853,-0.2786056995391845,,,
2023-12-08,0.9835,0.9805,0.9835,0.9685,6863235,0.2953092555205027,,,
2023-12-11,0.97,0.9635,0.976,0.9585,12978312,-0.2742960055669148,,,
2023-12-12,0.9635,0.94,0.9655,0.94,11946195,-0.0156069636344909,,,
2023-12-13,0.939,0.935,0.9455,0.934,9188429,-0.199336290359497,,,
2023-12-14,0.9465,0.928,0.9465,0.9225,8787549,-0.0989981830120086,,,
2023-12-15,0.93,0.9185,0.9325,0.916,21302349,-0.0909045984347661,,,
2023-12-18,0.9185,0.9075,0.921,0.9055,9358059,-0.0243557810783386,,,
2023-12-19,0.902,0.9075,0.908,0.9,8209037,-0.0131694078445434,,,
2023-12-20,0.91,0.899,0.912,0.896,9441143,-0.38813955783844,,,
2023-12-21,0.8965,0.9,0.9025,0.891,6863226,0.0,,,
2023-12-22,0.902,0.895,0.9055,0.893,4700200,-0.0863010221057467,,,
2023-12-27,0.8945,0.9045,0.906,0.891,6205449,0.1037281884087456,,,
2023-12-28,0.907,0.8915,0.907,0.887,7226033,0.1540027098222212,,,
2023-12-29,0.89,0.89,0.895,0.8885,5089830,-0.6484610736370087,,,
2024-01-02,0.9,0.9145,0.9195,0.9,9885892,-0.133610151708126,,,
2024-01-03,0.92,0.904,0.9255,0.903,5482839,0.541795265674591,,,
2024-01-04,0.9,0.9205,0.9215,0.9,6153224,0.0,,,
2024-01-05,0.9205,0.9235,0.9255,0.9105,8425454,0.6949465721845627,,,
2024-01-08,0.9255,0.9375,0.9395,0.923,6043142,0.7476007223129273,,,
2024-01-09,0.94,0.928,0.94,0.9215,7557372,0.0016604132122463,,,
2024-01-10,0.925,0.9105,0.9255,0.9105,5578885,-0.3252789179484049,,,
2024-01-11,0.9135,0.9015,0.9175,0.9015,5685618,0.0,,,
2024-01-12,0.902,0.905,0.9135,0.902,6070897,-0.0160017212231953,,,
2024-01-15,0.909,0.909,0.913,0.9035,3174624,-0.3903568267822265,,,
2024-01-16,0.9055,0.8995,0.9065,0.893,7042641,-0.2434241622686386,,,
2024-01-17,0.8935,0.884,0.8935,0.879,6942871,-0.524523600935936,,,
2024-01-18,0.883,0.8875,0.893,0.8735,5466701,-0.1391398651259286,,,
2024-01-19,0.875,0.839,0.88,0.8335,26133919,-0.2582725031035286,,,
2024-01-22,0.8455,0.856,0.869,0.8455,8079462,0.8411026895046234,,,
2024-01-23,0.861,0.8665,0.87,0.849,7709393,0.7614651024341583,,,
2024-01-24,0.874,0.8805,0.8815,0.8675,5856334,0.3562797546386719,,,
2024-01-25,0.875,0.8615,0.875,0.858,8264485,-0.2433720678091049,,,
2024-01-26,0.8645,0.8725,0.8735,0.8615,5260975,0.2629519615854536,,,
2024-01-29,0.871,0.8655,0.8745,0.859,3942982,0.193569529056549,,,
2024-01-30,0.862,0.8795,0.8815,0.861,4469050,0.466937243938446,,,
2024-01-31,0.882,0.8875,0.901,0.882,6142223,-0.0083010196685791,,,
2024-02-01,0.8715,0.8805,0.8955,0.86,7506770,-0.541603790389167,,,
2024-02-02,0.8815,0.885,0.893,0.872,7060632,0.3277105204761028,,,
2024-02-05,0.897,0.875,0.9045,0.875,8109712,-0.0139638900756835,,,
2024-02-06,0.9045,0.9345,0.939,0.9045,17621854,0.0373528968720209,,,
2024-02-07,0.937,0.9485,0.9545,0.919,10679052,0.4533652663230896,,,
2024-02-08,0.949,0.9325,0.957,0.9285,5365006,0.2429083585739135,,,
2024-02-09,0.933,0.9245,0.934,0.916,7311669,0.3020808100700378,,,
2024-02-12,0.945,0.9565,0.9735,0.945,10181741,0.0,,,
2024-02-13,0.96,0.9445,0.961,0.942,7322187,0.0,,,
2024-02-14,0.9435,0.929,0.945,0.929,3723624,0.0,,,
2024-02-15,0.931,0.946,0.9485,0.9215,4932557,0.0,,,
2024-02-16,0.954,0.952,0.9655,0.9495,6844988,0.0,,,
2024-02-19,0.954,0.96,0.9685,0.9535,3509021,-0.4585712850093842,,,
2024-02-20,0.9535,0.9635,0.964,0.953,3323800,-0.4585712850093842,,,
2024-02-21,0.963,0.961,0.9705,0.9605,4118498,-0.4585712850093842,,,
2024-02-22,0.969,0.977,0.9825,0.962,7456580,0.0,,,
2024-02-23,0.9725,0.968,0.981,0.9635,4395314,0.0,,,
2024-02-26,0.968,0.972,0.9765,0.9635,4328467,0.0,,,
2024-02-27,0.972,0.975,0.9765,0.9675,3281814,0.0,,,
2024-02-28,0.978,0.9635,0.9785,0.9635,3755004,-0.3215384085973103,,,
2024-02-29,0.9635,0.9445,0.966,0.9385,11302071,-0.3215384085973103,,,
2024-03-01,0.9535,0.9565,0.972,0.9525,5238573,0.0945576164457532,,,
2024-03-04,0.962,0.9585,0.9635,0.9505,3742937,-0.3893419027328491,,,
2024-03-05,0.959,0.9725,0.973,0.958,4193000,-0.0025821157864162,,,
2024-03-06,0.9735,0.9915,1.004,0.973,9927307,0.6322272618611654,,,
2024-03-07,0.98,0.9875,1.001,0.975,10604666,-0.0025402108828226,,,
2024-03-08,0.992,0.989,1.004,0.987,7632749,-0.0025402108828226,,,
2024-03-11,0.983,0.9925,0.995,0.9785,3761411,0.9030525088310242,,,
2024-03-12,0.9975,1.01,1.01,0.9945,6852387,0.9030525088310242,,,
2024-03-13,1.012,1.01,1.018,1.006,6417641,0.9030525088310242,,,
2024-03-14,1.008,1.004,1.015,1.003,4241896,0.4718388617038727,,,
2024-03-15,1.012,1.034,1.037,1.01,11734580,0.8859294851620992,,,
2024-03-18,1.037,1.051,1.053,1.034,7053309,0.2985644141832987,,,
2024-03-19,1.05,1.062,1.062,1.049,4875694,0.9496990442276,,,
2024-03-20,1.063,1.07,1.07,1.047,6338437,0.9071362018585204,,,
2024-03-21,1.08,1.078,1.088,1.071,6434324,0.8759512305259705,,,
2024-03-22,1.077,1.09,1.092,1.075,6082863,0.6202435195446014,,,
2024-03-25,1.09,1.104,1.108,1.086,7865629,0.9370487928390504,,,
2024-03-26,1.097,1.117,1.118,1.075,5461051,0.9002676010131836,,,
2024-03-27,1.117,1.133,1.139,1.115,6818920,0.904209852218628,,,
2024-03-28,1.14,1.147,1.149,1.136,4819402,0.8507263511419296,,,
2024-04-02,1.15,1.136,1.16,1.133,7377430,0.2922139406204224,,,
2024-04-03,1.132,1.153,1.155,1.132,7713258,0.0,,,
2024-04-04,1.159,1.166,1.171,1.155,5866596,0.9156818389892578,,,
2024-04-05,1.158,1.172,1.178,1.151,7982471,0.3114095727602641,,,
2024-04-08,1.175,1.188,1.194,1.171,5283987,0.9245296120643616,,,
2024-04-09,1.195,1.166,1.198,1.165,5613547,0.2948372364044189,,,
2024-04-10,1.178,1.168,1.185,1.158,5958866,0.0,,,
2024-04-11,1.175,1.134,1.175,1.126,8273897,-0.9715454578399658,,,
2024-04-12,1.15,1.141,1.162,1.139,7660478,-0.0151248872280119,,,
2024-04-15,1.14,1.151,1.168,1.136,6894058,-0.0470812618732451,,,
2024-04-16,1.162,1.131,1.164,1.13,9771678,0.0,,,
2024-04-17,1.084,1.112,1.127,1.054,9532429,0.9239310026168824,,,
2024-04-18,1.12,1.153,1.153,1.119,8349562,0.8901416659355164,,,
2024-04-19,1.135,1.142,1.148,1.118,9569848,-0.017074316740036,,,
2024-04-22,1.145,1.15,1.153,1.141,7542040,0.4698574841022492,,,
2024-04-23,1.15,1.154,1.156,1.134,8846407,0.4698574841022492,,,
2024-04-24,1.155,1.149,1.155,1.143,5515134,0.2949288487434387,,,
2024-04-25,1.15,1.182,1.185,1.15,18796336,0.2949288487434387,,,
2024-04-26,1.178,1.195,1.199,1.178,11739844,0.9166320860385896,,,
2024-04-29,1.235,1.223,1.29,1.201,27143099,0.6648987028747797,,,
2024-04-30,1.232,1.227,1.24,1.196,18346120,0.5830212906002998,,,
2024-05-02,1.254,1.288,1.288,1.251,24280883,0.4390619993209839,,,
2024-05-03,1.292,1.272,1.297,1.258,14508524,-0.4846915900707245,,,
2024-05-06,1.272,1.257,1.282,1.257,5478285,0.2927079995473226,,,
2024-05-07,1.256,1.27,1.27,1.246,10552346,0.024522453546524,,,
2024-05-08,1.272,1.264,1.276,1.258,11115668,-0.967265248298645,,,
2024-05-09,1.272,1.258,1.28,1.254,6608466,-0.967265248298645,,,
2024-05-10,1.265,1.277,1.277,1.251,7420066,0.9446905255317688,,,
2024-05-13,1.279,1.286,1.289,1.271,7739658,0.7915295759836832,,,
2024-05-14,1.289,1.302,1.303,1.286,9393890,0.904144525527954,,,
2024-05-15,1.307,1.306,1.316,1.295,8390722,0.0,,,
2024-05-16,1.306,1.303,1.319,1.303,4973537,-0.485135942697525,,,
2024-05-17,1.3,1.326,1.326,1.295,8567386,0.4698067009449005,,,
2024-05-20,1.33,1.323,1.334,1.319,4868532,0.4698067009449005,,,
2024-05-21,1.324,1.333,1.333,1.316,5737957,0.918286144733429,,,
2024-05-22,1.336,1.337,1.354,1.332,7584497,0.9160491228103638,,,
2024-05-23,1.34,1.35,1.362,1.338,6667387,0.8837657570838928,,,
2024-05-24,1.35,1.341,1.354,1.323,7795729,0.4649071395397186,,,
2024-05-27,1.35,1.322,1.35,1.307,8110291,0.0,,,
2024-05-28,1.323,1.312,1.328,1.303,7587706,-0.9445775151252748,,,
2024-05-29,1.31,1.315,1.327,1.305,8780920,0.0,,,
2024-05-30,1.307,1.337,1.337,1.305,8975238,0.0,,,
2024-05-31,1.339,1.347,1.35,1.328,16364801,0.9327983260154724,,,
2024-06-03,1.352,1.331,1.356,1.326,8247789,0.4671041667461395,,,
2024-06-04,1.326,1.282,1.329,1.26,13149734,-0.0197168588638305,,,
2024-06-05,1.275,1.281,1.301,1.269,9334121,-0.0197168588638305,,,
2024-06-06,1.298,1.307,1.314,1.282,8966913,0.8974614143371582,,,
2024-06-07,1.32,1.311,1.321,1.304,6970697,0.0,,,
2024-06-10,1.309,1.3,1.309,1.281,6044259,-0.9445120096206664,,,
2024-06-11,1.296,1.265,1.303,1.265,7569693,-0.9737788438796996,,,
2024-06-12,1.265,1.283,1.295,1.265,6459361,0.9077425599098206,,,
2024-06-13,1.28,1.267,1.291,1.263,4709981,0.0,,,
2024-06-14,1.27,1.244,1.27,1.221,7577496,-0.9655268788337708,,,
2024-06-17,1.244,1.239,1.259,1.21,5775599,-0.9655268788337708,,,
2024-06-18,1.251,1.245,1.26,1.242,3608579,0.9159706830978394,,,
2024-06-19,1.246,1.268,1.278,1.235,3760761,0.0,,,
2024-06-20,1.267,1.273,1.274,1.263,1862815,0.0,,,
2024-06-21,1.267,1.254,1.268,1.235,5008430,-0.8876792192459106,,,
2024-06-24,1.258,1.284,1.285,1.254,6647226,0.9410735368728638,,,
2024-06-25,1.29,1.267,1.293,1.262,4169767,0.0,,,
2024-06-26,1.276,1.271,1.28,1.267,3268553,0.748902440071106,,,
2024-06-27,1.276,1.261,1.276,1.259,3043443,-0.9689146280288696,,,
2024-06-28,1.27,1.274,1.29,1.265,5479973,0.799917737642924,,,
2024-07-01,1.29,1.306,1.306,1.281,4675605,0.1895989576975504,,,
2024-07-02,1.302,1.27,1.302,1.258,5079299,0.2843984365463257,,,
2024-07-03,1.281,1.273,1.286,1.271,3278098,0.2843984365463257,,,
2024-07-04,1.272,1.294,1.296,1.272,2898039,0.9445152282714844,,,
2024-07-05,1.296,1.279,1.296,1.273,2583844,-0.0176160633563994,,,
2024-07-08,1.275,1.289,1.308,1.273,4506367,0.8938843011856079,,,
2024-07-09,1.291,1.279,1.291,1.272,3024270,0.0,,,
2024-07-10,1.289,1.307,1.307,1.277,2741337,0.9403238296508788,,,
2024-07-11,1.311,1.301,1.311,1.29,2469029,-0.9679829478263856,,,
2024-07-12,1.3,1.301,1.31,1.299,2616115,0.9320076704025269,,,
2024-07-15,1.3,1.314,1.32,1.276,3709309,0.8986982703208923,,,
2024-07-16,1.305,1.316,1.32,1.304,8243169,0.9445207715034484,,,
2024-07-17,1.315,1.332,1.337,1.306,5830279,0.918643057346344,,,
2024-07-18,1.33,1.354,1.36,1.329,6625808,0.9203031063079834,,,
2024-07-19,1.342,1.359,1.359,1.329,3481530,0.3824344575405121,,,
2024-07-22,1.364,1.374,1.376,1.353,3408438,0.9151665568351746,,,
2024-07-23,1.373,1.37,1.38,1.363,1611246,0.9151665568351746,,,
2024-07-24,1.357,1.361,1.376,1.356,2702126,-0.9723637104034424,,,
2024-07-25,1.35,1.34,1.351,1.318,3674445,-0.9759525656700134,,,
2024-07-26,1.34,1.333,1.346,1.325,2449998,-0.4877791404724121,,,
2024-07-29,1.349,1.339,1.352,1.331,4270587,0.0,,,
2024-07-30,1.332,1.27,1.332,1.24,15360611,0.2919428504031637,,,
2024-07-31,1.27,1.242,1.282,1.236,10435563,0.9536385536193848,,,
2024-08-01,1.236,1.205,1.24,1.204,6762054,-0.9739065766334534,,,
2024-08-02,1.2,1.175,1.202,1.167,7536661,0.0,,,
2024-08-05,1.127,1.134,1.143,1.086,9334212,-0.9726862609386444,,,
2024-08-06,1.152,1.131,1.162,1.12,7302736,-0.9726862609386444,,,
2024-08-07,1.153,1.162,1.169,1.135,5600388,0.0,,,
2024-08-08,1.154,1.15,1.157,1.135,5204785,-0.881701648235321,,,
2024-08-09,1.16,1.16,1.175,1.149,4073830,0.0539828340212504,,,
2024-08-12,1.159,1.15,1.169,1.145,3002130,0.0,,,
2024-08-13,1.155,1.164,1.164,1.149,3430525,0.0,,,
2024-08-14,1.17,1.174,1.177,1.163,2640992,0.0,,,
2024-08-15,1.172,1.198,1.199,1.169,3038538,0.9408337473869324,,,
2024-08-16,1.2,1.206,1.206,1.191,2616063,0.9362458884716034,,,
2024-08-19,1.203,1.212,1.22,1.2,2005943,0.9362458884716034,,,
2024-08-20,1.214,1.202,1.22,1.198,2128938,0.0,,,
2024-08-21,1.197,1.208,1.217,1.19,4673548,0.9456462860107422,,,
2024-08-22,1.198,1.213,1.219,1.196,3921984,0.9456462860107422,,,
2024-08-23,1.219,1.217,1.222,1.208,2234527,0.4995483557383219,,,
2024-08-26,1.217,1.209,1.22,1.209,1990463,-0.969096064567566,,,
2024-08-27,1.206,1.221,1.225,1.204,2430132,0.9051879048347472,,,
2024-08-28,1.225,1.219,1.225,1.202,2895271,0.9051879048347472,,,
2024-08-29,1.214,1.219,1.224,1.212,2512850,-0.0080832044283549,,,
2024-08-30,1.219,1.225,1.228,1.216,3469269,-0.0080832044283549,,,
2024-09-02,1.225,1.22,1.233,1.216,2463388,-0.4856171011924744,,,
2024-09-03,1.22,1.181,1.226,1.176,3923345,-0.1945566475391388,,,
2024-09-04,1.16,1.173,1.187,1.15,5255618,-0.484623670578003,,,
2024-09-05,1.165,1.185,1.202,1.163,2455721,0.0,,,
2024-09-06,1.182,1.156,1.187,1.156,5366925,-0.3252469102541605,,,
2024-09-09,1.158,1.164,1.175,1.158,2078396,-0.3252469102541605,,,
2024-09-10,1.165,1.147,1.17,1.142,5259534,-0.9726927280426024,,,
2024-09-11,1.157,1.149,1.185,1.141,4061396,-0.9464155435562134,,,
2024-09-12,1.159,1.161,1.173,1.15,3146905,0.0,,,
2024-09-13,1.159,1.174,1.176,1.158,3072827,0.263698140780131,,,
2024-09-16,1.17,1.152,1.171,1.151,4577858,0.0,,,
2024-09-17,1.155,1.157,1.168,1.152,4542608,0.0,,,
2024-09-18,1.159,1.163,1.168,1.154,3582373,0.0,,,
2024-09-19,1.172,1.185,1.185,1.166,5465962,0.0,,,
2024-09-20,1.186,1.173,1.19,1.168,5475441,0.0338712533315022,,,
2024-09-23,1.177,1.18,1.183,1.158,4144284,0.890633225440979,,,
2024-09-24,1.189,1.173,1.189,1.168,3606885,-0.969247341156006,,,
2024-09-25,1.171,1.174,1.178,1.165,5315531,0.0,,,
2024-09-26,1.179,1.2,1.203,1.175,6152057,0.6415896713733673,,,
2024-09-27,1.2,1.15,1.2,1.147,9239829,0.3182414770126343,,,
2024-09-30,1.15,1.145,1.162,1.137,6326235,0.0,,,
2024-10-01,1.142,1.072,1.144,1.068,15316936,-0.6445921460787456,,,
2024-10-02,1.072,1.065,1.086,1.061,8633025,0.0,,,
2024-10-03,1.062,1.058,1.07,1.049,9506754,-0.9717905521392822,,,
2024-10-04,1.063,1.074,1.08,1.057,6972888,0.0,,,
2024-10-07,1.08,1.082,1.087,1.073,5600614,0.4583358764648438,,,
2024-10-08,1.075,1.081,1.087,1.065,5032498,0.4583358764648438,,,
2024-10-09,1.079,1.075,1.08,1.07,4409468,0.0,,,
2024-10-10,1.069,1.065,1.079,1.058,5531232,-0.4426364600658417,,,
2024-10-11,1.063,1.069,1.071,1.059,5781692,-0.8291722536087036,,,
2024-10-14,1.066,1.085,1.085,1.063,4102921,0.9418954849243164,,,
2024-10-15,1.086,1.093,1.097,1.085,6656240,0.0,,,
2024-10-16,1.088,1.095,1.098,1.082,5053416,0.0,,,
2024-10-17,1.097,1.075,1.101,1.075,5970354,0.0,,,
2024-10-18,1.074,1.085,1.089,1.067,6757700,0.9038516581058502,,,
2024-10-21,1.083,1.085,1.091,1.078,5263248,0.9038516581058502,,,
2024-10-22,1.08,1.092,1.094,1.073,3493457,0.2712913950284322,,,
2024-10-23,1.098,1.091,1.098,1.086,4332461,0.2712913950284322,,,
2024-10-24,1.097,1.078,1.097,1.076,4489104,-0.9497923851013184,,,
2024-10-25,1.078,1.072,1.083,1.072,4636423,-0.4780687987804413,,,
2024-10-28,1.078,1.082,1.087,1.07,4911635,0.9058364629745485,,,
2024-10-29,1.088,1.09,1.092,1.08,4597434,0.931219846010208,,,
2024-10-30,1.12,1.113,1.141,1.106,9854755,0.3805521340931163,,,
2024-10-31,1.106,1.152,1.161,1.101,10235431,0.2027164995670318,,,
2024-11-01,1.158,1.181,1.181,1.151,12368897,0.5091044753789902,,,
2024-11-04,1.18,1.196,1.202,1.178,10389276,0.3146387189626694,,,
2024-11-05,1.196,1.218,1.218,1.193,9430892,0.3522572914759318,,,
2024-11-06,1.22,1.164,1.22,1.153,10501985,0.0,,,
2024-11-07,1.17,1.193,1.197,1.17,5744047,0.9456894993782043,,,
2024-11-08,1.184,1.17,1.189,1.17,5427247,-0.9732988476753236,,,
2024-11-11,1.182,1.179,1.185,1.169,3799738,0.2692706286907196,,,
2024-11-12,1.174,1.161,1.181,1.16,3383525,0.0,,,
2024-11-13,1.16,1.159,1.173,1.152,3373866,0.0,,,
2024-11-14,1.167,1.193,1.197,1.167,3929903,-0.4872359037399292,,,
2024-11-15,1.198,1.233,1.238,1.195,10829669,0.0457155108451843,,,
2024-11-18,1.23,1.245,1.253,1.223,5763742,0.9500470757484436,,,
2024-11-19,1.242,1.22,1.243,1.2,6196258,0.0,,,
2024-11-20,1.222,1.225,1.245,1.22,4326982,0.0,,,
2024-11-21,1.223,1.236,1.238,1.216,5463128,0.0,,,
2024-11-22,1.244,1.234,1.287,1.213,12882909,-0.486426055431366,,,
2024-11-25,1.239,1.238,1.248,1.219,8503257,-0.197423756122589,,,
2024-11-26,1.225,1.214,1.225,1.198,4419488,0.0,,,
2024-11-27,1.202,1.196,1.208,1.181,7350155,-0.3158827225367228,,,
2024-11-28,1.185,1.204,1.215,1.185,2955975,0.0,,,
2024-11-29,1.197,1.218,1.219,1.181,3465861,0.1441471576690673,,,
2024-12-02,1.221,1.248,1.264,1.221,7709695,0.3163561026255289,,,
2024-12-03,1.259,1.271,1.273,1.252,5542012,0.9467417895793916,,,
2024-12-04,1.273,1.269,1.28,1.267,4315505,0.0,,,
2024-12-05,1.273,1.314,1.315,1.273,5942514,0.9302242398262024,,,
2024-12-06,1.313,1.303,1.322,1.303,5648483,0.7526562809944153,,,
2024-12-09,1.322,1.317,1.329,1.317,5141268,0.4636094570159912,,,
2024-12-10,1.33,1.315,1.335,1.314,6031136,0.4636094570159912,,,
2024-12-11,1.317,1.302,1.324,1.296,4529416,-0.2048028707504272,,,
2024-12-12,1.303,1.302,1.32,1.301,4541186,0.8374662399291992,,,
2024-12-13,1.316,1.302,1.323,1.297,5563765,-0.9748278260231018,,,
2024-12-16,1.319,1.332,1.338,1.31,12880887,0.0,,,
2024-12-17,1.267,1.228,1.275,1.225,9604980,0.2624035179615021,,,
2024-12-18,1.231,1.248,1.252,1.222,4936723,0.0,,,
2024-12-19,1.226,1.255,1.261,1.202,6564037,0.0,,,
2024-12-20,1.251,1.252,1.252,1.225,9066299,-0.4877865612506866,,,
2024-12-23,1.262,1.261,1.263,1.247,4888883,0.0,,,
2024-12-24,1.265,1.259,1.267,1.255,1752457,-0.0007139146327972,,,
2024-12-27,1.253,1.262,1.27,1.253,4322732,0.0,,,
2024-12-30,1.268,1.267,1.275,1.255,3703830,0.0,,,
2024-12-31,1.263,1.274,1.278,1.263,1419325,0.5425615906715393,,,
2025-01-02,1.28,1.258,1.28,1.221,5335087,-0.4864983856678009,,,
2025-01-03,1.265,1.279,1.282,1.257,3598193,0.3710023611783981,,,
2025-01-06,1.283,1.294,1.303,1.266,6070026,0.9325878620147704,,,
2025-01-07,1.295,1.289,1.299,1.279,5478588,0.5860015153884888,,,
2025-01-08,1.292,1.306,1.312,1.286,6359596,0.0806732475757598,,,
2025-01-09,1.3,1.341,1.353,1.294,8743621,0.879759669303894,,,
2025-01-10,1.34,1.34,1.353,1.329,5881970,0.9475745260715484,,,
2025-01-13,1.333,1.344,1.366,1.33,6137631,0.9010362029075624,,,
2025-01-14,1.331,1.34,1.359,1.327,8018060,-0.1649315953254699,,,
2025-01-15,1.345,1.334,1.351,1.331,9893603,0.0,,,
2025-01-16,1.35,1.317,1.354,1.307,6480090,-0.9720363020896912,,,
2025-01-17,1.317,1.311,1.328,1.31,4605155,-0.9720363020896912,,,
2025-01-20,1.314,1.338,1.348,1.313,5773857,0.9347634315490724,,,
2025-01-21,1.341,1.337,1.345,1.329,3809716,0.9347634315490724,,,
2025-01-22,1.34,1.327,1.35,1.324,4949914,0.0,,,
2025-01-23,1.325,1.348,1.35,1.319,14522985,0.0,,,
2025-01-24,1.353,1.35,1.364,1.345,5138676,0.0,,,
2025-01-27,1.34,1.361,1.368,1.335,7658777,0.9448289275169371,,,
2025-01-28,1.355,1.358,1.363,1.338,6174096,0.9448289275169371,,,
2025-01-29,1.365,1.4,1.4,1.365,7652136,0.0,,,
2025-01-30,1.39,1.386,1.422,1.381,5503235,0.0,,,
2025-01-31,1.39,1.374,1.399,1.371,5390889,0.9455104768276216,,,
2025-02-03,1.355,1.382,1.388,1.342,7293136,0.9455104768276216,,,
2025-02-04,1.43,1.441,1.46,1.376,16625353,0.2426620636667524,,,
2025-02-05,1.452,1.455,1.473,1.442,7931304,0.0,,,
2025-02-06,1.469,1.497,1.502,1.463,7679308,0.9408298134803772,,,
2025-02-07,1.54,1.505,1.547,1.493,6467382,0.0,,,
2025-02-10,1.505,1.48,1.51,1.48,4842139,0.0,,,
2025-02-11,1.49,1.492,1.5,1.468,5200989,0.5121196508407593,,,
2025-02-12,1.506,1.529,1.543,1.505,5808500,0.2815788090229034,,,
2025-02-13,1.531,1.531,1.542,1.507,7476310,0.2815788090229034,,,
2025-02-14,1.529,1.541,1.545,1.523,4831785,0.2815788090229034,,,
2025-02-17,1.541,1.545,1.557,1.538,6937464,0.9379343390464784,,,
2025-02-18,1.546,1.564,1.567,1.545,5097992,0.9379343390464784,,,
2025-02-19,1.565,1.549,1.579,1.543,5698924,0.9379343390464784,,,
2025-02-20,1.54,1.541,1.559,1.534,5017823,-0.2809786796569824,,,
2025-02-21,1.54,1.557,1.575,1.54,6387921,-0.2809786796569824,,,
2025-02-24,1.556,1.564,1.577,1.548,5951215,0.0,,,
2025-02-25,1.564,1.584,1.598,1.563,5559720,0.4675378501415252,,,
2025-02-26,1.592,1.619,1.622,1.588,5672389,0.4675378501415252,,,
2025-02-27,1.645,1.685,1.707,1.635,14110773,0.4181964695453644,,,
2025-02-28,1.685,1.672,1.688,1.651,7575556,0.4678526818752289,,,
2025-03-03,1.68,1.678,1.699,1.662,6454879,0.4678526818752289,,,
2025-03-04,1.667,1.626,1.678,1.608,9573046,0.1890961329142252,,,
2025-03-05,1.678,1.685,1.714,1.67,7894508,0.0,,,
2025-03-06,1.691,1.705,1.714,1.68,6380782,0.0,,,
2025-03-07,1.694,1.713,1.725,1.677,6622199,0.0,,,
2025-03-10,1.721,1.685,1.722,1.651,7498745,0.0,,,
2025-03-11,1.678,1.67,1.712,1.654,7467998,0.1801130771636963,,,
2025-03-12,1.679,1.696,1.715,1.674,5560827,0.5035983920097351,,,
2025-03-13,1.699,1.701,1.726,1.688,5649299,0.0,,,
2025-03-14,1.705,1.731,1.741,1.686,5079100,0.0,,,
2025-03-17,1.742,1.742,1.751,1.728,3822246,0.0,,,
2025-03-18,1.75,1.8,1.801,1.749,4366991,0.31218288342158,,,
2025-03-19,1.8,1.806,1.818,1.787,4836245,0.31218288342158,,,
2025-03-20,1.808,1.723,1.808,1.723,9129732,0.31218288342158,,,
2025-03-21,1.73,1.71,1.734,1.702,18305439,0.0,,,
2025-03-24,1.74,1.738,1.75,1.732,4655912,0.0,,,
2025-03-25,1.75,1.77,1.775,1.736,4398078,0.0,,,
2025-03-26,1.776,1.774,1.782,1.765,4423701,0.5323212146759033,,,
2025-03-27,1.76,1.749,1.768,1.726,3958038,0.0,,,
2025-03-28,1.735,1.71,1.746,1.71,4629941,0.0,,,
2025-03-31,1.701,1.706,1.716,1.681,9273130,0.9468421936035156,,,
2025-04-01,1.713,1.746,1.753,1.713,8346338,-0.4723424911499024,,,
2025-04-02,1.747,1.755,1.76,1.737,4786215,0.9370277523994446,,,
2025-04-03,1.7,1.685,1.733,1.678,8129052,-0.1382553089748729,,,
2025-04-04,1.66,1.507,1.665,1.482,18171874,-0.6400227348009745,,,
2025-04-07,1.28,1.446,1.496,1.25,19616579,-0.9728771448135376,,,
2025-04-08,1.508,1.506,1.536,1.437,13716726,0.2056707143783569,,,
2025-04-09,1.464,1.49,1.497,1.449,9910608,-0.3248271743456523,,,
2025-04-10,1.731,1.534,1.731,1.53,22330485,0.2691736051014491,,,
2025-04-11,1.542,1.576,1.585,1.535,9244499,0.0,,,
2025-04-14,1.629,1.621,1.629,1.607,10651694,0.0,,,
2025-04-15,1.63,1.668,1.675,1.623,6621066,0.5559682369232177,,,
2025-04-16,1.658,1.675,1.682,1.635,8393827,0.448300689458847,,,
2025-04-17,1.683,1.653,1.685,1.643,8612768,0.113838829100132,,,
2025-04-22,1.597,1.582,1.63,1.56,6653290,0.0,,,
2025-04-23,1.611,1.645,1.659,1.611,9227447,0.8290972709655762,,,
2025-04-24,1.638,1.659,1.672,1.636,8577806,0.1822254419326782,,,
2025-04-25,1.668,1.678,1.691,1.659,7767340,0.9407357573509216,,,
2025-04-28,1.69,1.724,1.737,1.684,11180591,0.4333174109458923,,,
2025-04-29,1.74,1.698,1.752,1.692,8183467,0.3493197815758841,,,
2025-04-30,1.71,1.676,1.728,1.634,9423770,-0.4869115650653839,,,
2025-05-02,1.709,1.704,1.718,1.688,8401074,0.3731656670570373,,,
2025-05-05,1.7,1.746,1.749,1.7,8988922,0.4737536907196045,,,
2025-05-06,1.746,1.753,1.791,1.731,9646693,0.6119575500488281,,,
2025-05-07,1.763,1.758,1.78,1.756,7695269,0.0,,,
2025-05-08,1.765,1.805,1.805,1.765,7403102,0.0477538619722638,,,
2025-05-09,1.808,1.803,1.814,1.784,7277886,0.2864762663841247,,,
2025-05-12,1.825,1.831,1.843,1.822,6956720,0.3529544711112976,,,
2025-05-13,1.84,1.887,1.889,1.833,7955523,0.0670625666777293,,,
2025-05-14,1.888,1.934,1.939,1.873,9151477,0.9361218214035034,,,
2025-05-15,1.935,1.904,1.937,1.896,4470410,0.0,,,
2025-05-16,1.91,1.916,1.916,1.887,6480318,0.6597000479698181,,,
2025-05-19,1.917,1.889,1.919,1.874,6336003,0.4735796451568604,,,
2025-05-20,1.901,1.922,1.931,1.9,5627816,0.6072521954774857,,,
2025-05-21,1.928,1.931,1.964,1.922,6131748,0.8412636518478394,,,
2025-05-22,1.922,1.934,1.937,1.907,5399817,0.0,,,
